Nº Processo,Órgão,Data de Abertura,Objeto,Razão Social,Total Adjudicado
27.201.000218.2019,"SEDH/FUND. DESENV. CRIANÇA E ADOLESC""ALICE DE ALMEIDA""",18/01/2019,DISPENSA DE LICITAÇÃO.,30.116.303/0001-35 - INCOLAMA CONSTRUTORA LTDA,"214.307,17"
27.201.000288.2019,"SEDH/FUND. DESENV. CRIANÇA E ADOLESC""ALICE DE ALMEIDA""",28/01/2019,DISPENSA DE LICITAÇÃO SERVIÇO (TRANSPORTE E FORNECIMENTO DE ALIMENTAÇÃO).,40.811.101/0001-67 - CEIA REFEIÇOES COLETIVAS LTDA ME,"311.220,00"
17.000.002841.2019,SECRETARIA DE ESTADO DA RECEITA,01/02/2019,AQUISIÇÃO DE MATERIAL,01.518.579/0001-41 - A UNIAO SUP.DE IMPRENSA E EDITORA,"16.800,00"
30.000.008954.2019,ENCARGOS GERAIS DO ESTADO,06/02/2019,"PRESTAÇÃO DE SERVIÇOS DE CONSERVAÇÃO, HIGIENIZAÇÃO E LIMPEZA",07.990.965/0001-18 - ÁGAPE CONSTRUÇÕES E SERVIÇOS LTDA,"138.274,26"
25.206.000050.2019,SES/COMPLEXO DE SAÚDE ARLINDA MARQUES,12/02/2019,AQUISIÇÃO DE MEDICAMENTOS CONTROLADOS,01.722.296/0001-17 - PANORAMA COMERCIO DE PRODUTOS MEDICOS E FARMACEUTICOS LTDA,"56.700,00"
25.000.1911525.2019,SECRETARIA DE ESTADO DA SAÚDE,14/02/2019,AQUISIÇÃO EMERGENCIAL DE CADEIRA DE RODAS,24.499.337/0001-53 - ORTOTEC ORTOPEDIA TECNICA LTDA-ME,"3.800,00"
25.000.1112512.2019,SECRETARIA DE ESTADO DA SAÚDE,25/02/2019,AQUISIÇÃO EMERGENCIAL DE MEDICAMENTO,04.307.650/0012-98 - ONCO PROD DISTRIBUIDORA DE PRODUTOS HOSPITALARES E ONCOLOGICOS LTDA,"935,76"
25.000.2911593.2019,SECRETARIA DE ESTADO DA SAÚDE,25/02/2019,AQUISIÇÃO EMERGENCIAL DE MEDICAMENTO (RIVAROXABANA 20MG),04.307.650/0012-98 - ONCO PROD DISTRIBUIDORA DE PRODUTOS HOSPITALARES E ONCOLOGICOS LTDA,"935,76"
25.000.1101584.2019,SECRETARIA DE ESTADO DA SAÚDE,27/02/2019,AQUISIÇÃO EMERGENCIAL DE MEDICAMENTO,11.563.145/0001-17 - COMERCIAL MOSTAERT LTDA,"87.365,04"
25.000.1601533.2019,SECRETARIA DE ESTADO DA SAÚDE,28/02/2019,AQUISIÇÃO EMERGENCIAL DE MEDICAMENTO (PERTUZUMABE 420MG/14ML) ,33.009.945/0002-04 - PRODUTOS ROCHE QUIMICOS E FARMACEUTICOS S.A,"76.157,01"
25.000.1601534.2010,SECRETARIA DE ESTADO DA SAÚDE,28/02/2019,AQUISIÇÃO EMERGENCIAL DE MEDICAMENTO (PIRFENIDONA 265MG) ,33.009.945/0002-04 - PRODUTOS ROCHE QUIMICOS E FARMACEUTICOS S.A,"46.251,00"
25.000.2611570.2010,SECRETARIA DE ESTADO DA SAÚDE,28/02/2019,AQUISIÇÃO EMERGENCIAL DE MEDICAMENTO,04.307.650/0012-98 - ONCO PROD DISTRIBUIDORA DE PRODUTOS HOSPITALARES E ONCOLOGICOS LTDA,"256.803,00"
25.000.2301595.2010,SECRETARIA DE ESTADO DA SAÚDE,01/03/2019,PERTUZUMABE 420MG/14ML,33.009.945/0002-04 - PRODUTOS ROCHE QUIMICOS E FARMACEUTICOS S.A,"152.314,00"
25.000.402516.2019,SECRETARIA DE ESTADO DA SAÚDE,01/03/2019,AQUISIÇÃO EMERGENCIAL DE MEDICAMENTO (PERTUZUMABE 420MG/14ML),Razão Social não encontrada,"253.856,70"
31.203.000011.2019,SEIE/COMPANHIA DOCAS DA PARAÍBA,01/03/2019,CONTRATAÇÃO DE EMPRESA ESPECIALIZADA PARA EXECUTAR SERVIÇO DE LIMPEZA GERAL MECANIZADA DO,32.322.882/0001-06 - PEROLA INCORPORAÇÕES E CONSTRUÇOES LTDA,"54.615,74"
17.000.017378.2019,SECRETARIA DE ESTADO DA RECEITA,06/03/2019,CONTRATAÇÃO DE SERVIÇOS,01.518.579/0001-41 - A UNIAO SUP.DE IMPRENSA E EDITORA,"7.200,00"
25.000.402520.2019,SECRETARIA DE ESTADO DA SAÚDE,06/03/2019,AQUISIÇÃO EMERGENCIAL DE MEDICAMENTO,06.081.203/0001-36 - HOSP-LOG COMERCIO DE PRODUTOS HOPITALARES LTDA,"813,12"
22.204.004106.2019,SEE/UNIVERSIDADE ESTADUAL DA PARAÍBA,07/03/2019,AQUISIÇÃO DE MATERIAL PERMANENTE PARA O CONVÊNIO Nº 843506/2017,Razão Social não encontrada,"43.000,00"
22.204.72082018.2019,SEE/UNIVERSIDADE ESTADUAL DA PARAÍBA,07/03/2019,AQUISIÇÃO DE MATERIAL PERMANENTE PARA O CONVÊNIO Nº 843506/2017,67.774.679/0001-47 - NOVA ANALITICA IMP.E EXP.LTDA,"44.432,00"
25.000.1112580.2019,SECRETARIA DE ESTADO DA SAÚDE,08/03/2019,AQUISIÇÃO EMERGENCIAL DE MEDICAMENTO ,33.009.945/0002-04 - PRODUTOS ROCHE QUIMICOS E FARMACEUTICOS S.A,"127,80"
25.000.712550.2019,SECRETARIA DE ESTADO DA SAÚDE,08/03/2019,SUPLEMENTO NUTRICIONAL,Razão Social não encontrada,"7.920,00"
25.000.2901592.2019,SECRETARIA DE ESTADO DA SAÚDE,11/03/2019,AQUISIÇÃO EMERGENCIAL DE MEDICAMENTO,09.053.134/0001-45 - ELFA MEDICAMENTOS LTDA,"2.246,64"
25.206.000063.2019,SES/COMPLEXO DE SAÚDE ARLINDA MARQUES,11/03/2019,AQUISIÇÃO DE MEDICAMENTOS,01.722.296/0001-17 - PANORAMA COMERCIO DE PRODUTOS MEDICOS E FARMACEUTICOS LTDA,"42.279,00"
25.000.1101578.2019,SECRETARIA DE ESTADO DA SAÚDE,12/03/2019,AQUISIÇÃO EMERGENCIAL DE MEDICAMENTO,51.780.468/0002-68 - JANSSEN-CILAG FARMACEUTICA LTDA,"10.015,20"
25.000.1207527.2019,SECRETARIA DE ESTADO DA SAÚDE,12/03/2019,CONTRATAÇÃO EMERGENCIAL DE EMPRESA PARA REALIZAÇÃO DO EXAME CGH-ARRAY ,09.235.615/0001-71 - LABORATORIO PARAIBANO DE ANALISES CLINICAS LTDA,"8.500,00"
25.000.1712525.2019,SECRETARIA DE ESTADO DA SAÚDE,12/03/2019,AQUISIÇÃO EMERGENCIAL  A FIM DE ATENDER DEMANDA JUDICIAL ,24.499.337/0001-53 - ORTOTEC ORTOPEDIA TECNICA LTDA-ME,"8.400,00"
25.000.106644.2019,SECRETARIA DE ESTADO DA SAÚDE,13/03/2019,CONTRATAÇÃO EMERGENCIAL DE EMPRESA PARA REALIZAÇÃO DO EXAME CARIÓTIPO DE SANGUE,Razão Social não encontrada,"750,00"
25.000.111555.2019,SECRETARIA DE ESTADO DA SAÚDE,13/03/2019,CONTRATAÇÃO EMERGENCIAL DE EMPRESA PARA REALIZAÇÃO DO EXAME CGH-ARRAY,Razão Social não encontrada,"4.702,93"
25.000.1202606.2019,SECRETARIA DE ESTADO DA SAÚDE,13/03/2019,KIT S DE SOROLOGIA,01.896.764/0001-70 - DIASORIN LTDA,"675.681,60"
25.000.1601568.2019,SECRETARIA DE ESTADO DA SAÚDE,13/03/2019,AQUISIÇÃO EMERGENCIAL DE MEDICAMENTO,33.009.945/0002-04 - PRODUTOS ROCHE QUIMICOS E FARMACEUTICOS S.A,"305.290,68"
25.000.2901621.2019,SECRETARIA DE ESTADO DA SAÚDE,14/03/2019,EXAME CGH-ARRAY 850K ,09.235.615/0001-71 - LABORATÓRIO PARAIBANO DE ANALISES CLINICAS LTDA,"6.000,00"
25.000.1601569.2019,SECRETARIA DE ESTADO DA SAÚDE,15/03/2019,AQUISIÇÃO EMERGENCIAL DE MEDICAMENTO,56.994.502/0027-79 - NOVARTIS BIOCIENCIAS SA,"2.937,60"
25.000.2501535.2019,SECRETARIA DE ESTADO DA SAÚDE,15/03/2019,AQUISIÇÃO EMERGENCIAL DE MEDICAMENTOS ,06.948.769/0001-12 - TECNOCENTER MAT.MEDICOS HOSPITALARES LTDA,"1.950,60"
25.000.1101588.2019,SECRETARIA DE ESTADO DA SAÚDE,18/03/2019,AQUISIÇÃO EMERGENCIAL DE MEDICAMENTO (ABIRATERONA ACETATO 250MG) ,11.563.145/0001-17 - COMERCIAL MOSTAERT LTDA,"1.726.704,00"
25.000.1101589.2019,SECRETARIA DE ESTADO DA SAÚDE,18/03/2019,AQUISIÇÃO EMERGENCIAL DE MEDICAMENTO,33.009.945/0002-04 - PRODUTOS ROCHE QUIMICOS E FARMACEUTICOS S.A,"5.931.115,20"
19.000.038608.2019,SECRETARIA DE ESTADO DA ADMINISTRAÇÃO,19/03/2019,CONTRATAÇÃO DE EMPRESA ESPECIALIZADA PARA REALIZAÇÃO DE CONCURSO PÚBLICO ,12.667.012/0001-53 - INSTITUTO AOCP,"39,00"
25.000.2401550.2019,SECRETARIA DE ESTADO DA SAÚDE,19/03/2019,AQUISIÇÃO EMERGENCIAL DE MEDICAMENTO (RANIBIZUMABE 10MG/ML),56.994.502/0026-98 - NOVARTIS BIOCIENCIAS S.A.,"262.905,44"
25.000.2501534.2019,SECRETARIA DE ESTADO DA SAÚDE,19/03/2019, ESBRIET 267MG,33.009.945/0002-04 - PRODUTOS ROCHE QUIMICOS E FARMACEUTICOS S.A,"46.251,00"
25.000.3001539.2019,SECRETARIA DE ESTADO DA SAÚDE,19/03/2019,AQUISIÇÃO EMERGENCIAL DE MEDICAMENTO (ALFA 1 ANTITRIPSINA - AAT - 1000ML SOLUÇÃO INJETÁVEL 50ML),09.284.952/0001-59 - KEDRION BRASIL DISTRIBUIDORA DE PRODUTOS HOSPITALARES LTDA,"204.207,36"
25.000.702585.2019,SECRETARIA DE ESTADO DA SAÚDE,19/03/2019,REALIZAÇÃO DE 50 (CINQUENTA) SESSÕES DE OXIGENOTERAPIA HIPERBÁRICA,28.154.149/0001-44 - CLINICA MEDICA HIPERBARICA PARAIBA LTDA,"19.000,00"
25.000.712552.2019,SECRETARIA DE ESTADO DA SAÚDE,19/03/2019,AQUISIÇÃO EMERGENCIAL DE MEDICAMENTO (TAGRISSO 80MG) ,06.081.203/0001-36 - HOSP-LOG COMERCIO DE PRODUTOS HOPITALARES LTDA,"140.734,80"
25.000.290119599.2019,SECRETARIA DE ESTADO DA SAÚDE,20/03/2019,AQUISIÇÃO EMERGENCIAL DE MEDICAMENTO,51.780.468/0002-68 - JANSSEN-CILAG FARMACEUTICA LTDA,"840.118,40"
25.206.000084.2019,SES/COMPLEXO DE SAÚDE ARLINDA MARQUES,20/03/2019,AQUISIÇÃO MATERIAL MÉDICO E HOSPITALAR (TÊXTEIS E EPI),01.722.296/0001-17 - PANORAMA COMERCIO DE PRODUTOS MEDICOS E FARMACEUTICOS LTDA,"166.056,00"
25.000.1101574.2019,SECRETARIA DE ESTADO DA SAÚDE,21/03/2019,AQUISIÇÃO EMERGENCIAL DE MEDICAMENTO,09.053.134/0001-45 - ELFA MEDICAMENTOS LTDA,"285.831,28"
25.000.402526.2019,SECRETARIA DE ESTADO DA SAÚDE,22/03/2019,AQUISIÇÃO EMERGENCIAL DE MEDICAMENTO (DENOSUMABE 60MG/ML) ,Razão Social não encontrada,"864.000,00"
25.000.2301597.2019,SECRETARIA DE ESTADO DA SAÚDE,25/03/2019,AQUISIÇÃO EMERGENCIAL DE MEDICAMENTO,51.780.468/0002-68 - JANSSEN-CILAG FARMACEUTICA LTDA,"269.576,72"
25.206.000086.2019,SES/COMPLEXO DE SAÚDE ARLINDA MARQUES,25/03/2019,AQUISIÇÃO DE SORO E ÁGUA DESTILADA,22.889.282/0001-62 - ALMED ALDENIO DIST.DE MEDICAMENTOS E MAT. MEDICO - HOSPITALAR LTDA - ME,"142.620,00"
22.201.000464.2019,SEC/FUNDAÇÃO ESPAÇO CULTURAL DA PARAÍBA,26/03/2019,MATERIAL PERMANENTE,16.558.038/0001-14 - KELONIK DO BRASIL SERVICOS DIGITAIS LTDA,"134.562,61"
25.000.103603.2019,SECRETARIA DE ESTADO DA SAÚDE,26/03/2019,AQUISIÇÃO EMERGENCIAL DE SUPLEMENTO NUTRICIONAL (SUSTAIN EM PÓ),Razão Social não encontrada,"597,60"
25.000.1302507.2019,SECRETARIA DE ESTADO DA SAÚDE,26/03/2019,"AQUISIÇÃO EMERGENCIAL DE MAT MED (CURATIVOS BIATAIN, BIATAINE, COMFEEL CREME BARREIRA E OUTROS)",Razão Social não encontrada,"179.778,00"
25.000.1302508.2019,SECRETARIA DE ESTADO DA SAÚDE,26/03/2019,AQUISIÇÃO EMERGENCIAL DE MEDICAMENTO (SORAFENIBE TOSILATO 200MG) ,06.081.203/0001-36 - HOSP-LOG COMERCIO DE PRODUTOS HOPITALARES LTDA,"288.604,80"
25.000.1601541.2019,SECRETARIA DE ESTADO DA SAÚDE,26/03/2019,AQUISIÇÃO EMERGENCIAL DE MEDICAMENTO,51.780.468/0002-68 - JANSSEN-CILAG FARMACEUTICA LTDA,"19.328,40"
25.000.1912548.2019,SECRETARIA DE ESTADO DA SAÚDE,26/03/2019,AQUISIÇÃO EMERGENCIAL DE IMPLANTE COCLEAR 422...,43.894.609/0001-64 - POLITEC IMPORTACAO E COMERCIO LIMITADA,"157.415,00"
25.000.712547.2019,SECRETARIA DE ESTADO DA SAÚDE,26/03/2019,AQUISIÇÃO EMERGENCIAL DE MEDICAMENTO ,Razão Social não encontrada,"140.734,80"
25.206.000088.2019,SES/COMPLEXO DE SAÚDE ARLINDA MARQUES,26/03/2019,AQUISIÇÃO DE MEDICAMENTOS,01.722.296/0001-17 - PANORAMA COMERCIO DE PRODUTOS MEDICOS E FARMACEUTICOS LTDA,"48.090,00"
29.202.000118.2019,SECOM/A UNIÃO SUPERINTENDÊNCIA DE IMPRENSA E EDITORA,26/03/2019,AQUISIÇÃO DE MATERIAL GRÁFICO  (QUIMICO),33.255.787/0001-91 - I B F IND BRASILEIRA DE FILMES LTDA,"89.919,30"
25.000.2102566.2019,SECRETARIA DE ESTADO DA SAÚDE,27/03/2019,"AQUISIÇÃO EMERG DE MED (ENOXAPARINA SÓDICA 40 MG/0,4ML E ENOXAPARINA SÓDICA 60MG/0,6ML",09.053.134/0001-45 - ELFA MEDICAMENTOS LTDA,"66.009,60"
17.000.037077.2019,SECRETARIA DE ESTADO DA RECEITA,29/03/2019,CONTRATAÇÃO DO SERVIÇO DE RECUPERAÇÃO,31.431.503/0001-45 - JOSE RENNTONNY DA SILVA,"31.937,07"
25.000.103600.2019,SECRETARIA DE ESTADO DA SAÚDE,29/03/2019,AQUISIÇÃO EMERGENCIAL DE MEDICAMENTOS (DARATUMUMABE 100MG E 400MG,51.780.468/0002-68 - JANSSEN-CILAG FARMACEUTICA LTDA,"275.211,20"
25.000.103602.2019,SECRETARIA DE ESTADO DA SAÚDE,29/03/2019,AQUISIÇÃO EMERGENCIAL DE MEDICAMENTO (ALFA 1 ANTITRIPSINA 1000MG SOLUÇÃO INJETÁVEL 50ML) ,09.284.952/0001-59 - KEDRION BRASIL DISTRIBUIDORA DE PRODUTOS HOSPITALARES LTDA,"127.629,60"
31.203.000014.2019,SEIE/COMPANHIA DOCAS DA PARAÍBA,29/03/2019,CONTRATAÇÃO DE EMPRESA PARA PRESTAR SERVIÇO DE DESENVOLVIMENTO E ELABORAÇÃO,32.877.662/0001-30 - CAMILA FERNANDES VILAR COUTINHO,"45.000,00"
25.000.103608.2019,SECRETARIA DE ESTADO DA SAÚDE,01/04/2019,AQUISIÇÃO EMERGENCIAL DE FRALDA GERIÁTRICA DESCARTÁVEL ,06.948.769/0001-12 - TECNOCENTER MAT.MEDICOS HOSPITALARES LTDA,"1.605,00"
25.000.2501531.2019,SECRETARIA DE ESTADO DA SAÚDE,01/04/2019,MEDICAMENTO (LACOSAMIDA 150MG),09.053.134/0001-45 - ELFA MEDICAMENTOS LTDA,"2.627,52"
25.000.103599.2019,SECRETARIA DE ESTADO DA SAÚDE,02/04/2019,AQUISIÇÃO EMERGENCIAL DE MEDICAMENTO,81.887.838/0001-40 - PROFARMA SPCIALTY S/A,"208.483,56"
25.000.1502527.2019,SECRETARIA DE ESTADO DA SAÚDE,02/04/2019,AQUISIÇÃO EMERGENCIAL DE SUPLEMENTO NUTRICIONAL (ENSURE PÓ SABOR BAUNILHA),Razão Social não encontrada,"2.640,00"
22.204.006765.2019,SEE/UNIVERSIDADE ESTADUAL DA PARAÍBA,03/04/2019,AQUISIÇÃO DE MATERIAL PERMANENTE COM RECURSOS DO CONVÊNIO 797781/2013,Razão Social não encontrada,"17.482,00"
25.000.103607.2019,SECRETARIA DE ESTADO DA SAÚDE,04/04/2019,AQUISIÇÃO EMERGENCIAL DE SUPLEMENTOS ,06.948.769/0001-12 - TECNOCENTER MAT.MEDICOS HOSPITALARES LTDA,"6.624,00"
17.000.018827.2019,SECRETARIA DE ESTADO DA RECEITA,05/04/2019,CONTRATAÇÃO DE EMPRESA PARA ELABORAÇÃO DE TABELA DE COBRANÇA DO IPVA 2020.,43.942.358/0001-46 - FUNDACAO INSTITUTO DE PESQUISAS ECONOMICAS FIPE,"41.834,28"
25.000.1503555.2019,SECRETARIA DE ESTADO DA SAÚDE,05/04/2019,MESALAZINA 1200 MG,09.053.134/0001-45 - ELFA MEDICAMENTOS LTDA,"4.183,20"
09.202.000050.2019,CCG/AGÊNCIA DE REGULAÇÃO DO ESTADO DA PARAÍBA,08/04/2019,SERVIÇOS DE LOCAÇÃO E MANUTENÇÃO DE IMPRESSORAS MULTIFUNCIONAIS MONOCROMÁTICAS.,40.938.508/0001-50 - MAQ-LAREM MAQUINAS MOV. E EQUIPAMENTOS LTDA,"1.100,00"
25.000.1503562.2019,SECRETARIA DE ESTADO DA SAÚDE,08/04/2019,FÓRMULA NUTRICIONAL (NUTRIDRINK MAX),06.948.769/0001-12 - TECNOCENTER MAT.MEDICOS HOSPITALARES LTDA,"1.728,00"
17.000.034449.2019,SECRETARIA DE ESTADO DA RECEITA,09/04/2019,AQUISIÇÃO DE ÁGUA POTÁVEL PARA OS POSTOS FISCAIS DE ALCANTIL E PERNAMBUQUINHO,015.871.954-96 - FELIPE BERTOLINO DA COSTA,"19.548,80"
25.000.2203559.2019,SECRETARIA DE ESTADO DA SAÚDE,09/04/2019,AQUISICAO EMERGENCIAL ,06.948.769/0001-12 - TECNOCENTER MAT.MEDICOS HOSPITALARES LTDA,"2.988,00"
25.000.2203585.2019,SECRETARIA DE ESTADO DA SAÚDE,09/04/2019,AQUISICAO EMERGENCIAL ,06.948.769/0001-12 - TECNOCENTER MAT.MEDICOS HOSPITALARES LTDA,"6.750,00"
25.000.1302504.2019,SECRETARIA DE ESTADO DA SAÚDE,11/04/2019,AQUISIÇÃO EMERGENCIAL DE MEDICAMENTO,33.009.945/0002-04 - PRODUTOS ROCHE QUIMICOS E FARMACEUTICOS S.A,"3.294.493,00"
25.000.1503552.2019,SECRETARIA DE ESTADO DA SAÚDE,11/04/2019,"MEDICAMENTO USTEQUINUMABE 45MG/0,5ML",Razão Social não encontrada,"115.532,88"
25.000.103597.2019,SECRETARIA DE ESTADO DA SAÚDE,15/04/2019,AQUISIÇÃO EMERGENCIAL DE MEDICAMENTO ,09.053.134/0001-45 - ELFA MEDICAMENTOS LTDA,"80.108,07"
25.000.204507.2019,SECRETARIA DE ESTADO DA SAÚDE,15/04/2019,AQUISIÇÃO EMERGENCIAL DE FÓRMULA NUTRICIONAL (NUTREN JUNIOR 400MG) A FIM DE ATENDER DEMANDA JUDICIAL,01.687.725/0001-62 - CENTRO ESPECIALIZADO EM NUTRIÇÃO ENTERAL E PARENTAL - CENEP LTDA,"11.328,00"
25.000.204526.2019,SECRETARIA DE ESTADO DA SAÚDE,15/04/2019,AQUISIÇÃO EMERGENCIAL DE FÓRMULAS NUTRICIONAIS,Razão Social não encontrada,"4.980,00"
31.203.000016.2019,SEIE/COMPANHIA DOCAS DA PARAÍBA,16/04/2019,CONTRATAÇÃO DE EMPRESA ESPECIALIZADA PARA EXECUÇÃO DO SERVIÇO DE TROCA,08.635.878/0001-05 - VW CONSTRUCAO CIVIL LTDA,"30.902,32"
25.000.103596.2019,SECRETARIA DE ESTADO DA SAÚDE,17/04/2019,AQUISIÇÃO EMERGENCIAL DE MEDICAMENTO,09.053.134/0001-45 - ELFA MEDICAMENTOS LTDA,"154.386,60"
25.000.1503563.2019,SECRETARIA DE ESTADO DA SAÚDE,22/04/2019,AQUISIÇÃO EMERGENCIAL DE MEDICAMENTOS (VANDETANIBE 300 MG) A FIM DE ATENDER DEMANDAS JUDICIAIS ,09.053.134/0001-45 - ELFA MEDICAMENTOS LTDA,"189.309,60"
25.000.1503586.2019,SECRETARIA DE ESTADO DA SAÚDE,22/04/2019,"RANIBIZUMABE, 10 MG/ML, SOLUÇÃO INJETÁVEL, C/SISTEMA DE APLICAÇÃO ",09.053.134/0001-45 - ELFA MEDICAMENTOS LTDA,"262.905,44"
25.000.2802507.2019,SECRETARIA DE ESTADO DA SAÚDE,22/04/2019,AQUISIÇÃO EMERGENCIAL DE CADEIRA DE RODAS,10.852.945/0001-95 - SCD IND.E COM.DE APAR.ORTOPEDICOS LTDA-EPP,"11.690,00"
25.000.1101586.2019,SECRETARIA DE ESTADO DA SAÚDE,24/04/2019,MEDICAMENTO (MIGLUSTATE 100MG),51.780.468/0001-87 - JANSSEN CILAG FARMACEUTICA LTDA,"8.718.300,00"
25.000.1503564.2019,SECRETARIA DE ESTADO DA SAÚDE,24/04/2019,HILANO GF-20 SOLUÇÃO INJETÁVEL A FIM DE ATENDER DEMANDA JUDICIAL DA ,09.053.134/0001-45 - ELFA MEDICAMENTOS LTDA,"2.426,64"
25.000.204537.2019,SECRETARIA DE ESTADO DA SAÚDE,24/04/2019,AQUISIÇÃO EMERGENCIAL DE FÓRMULA INFANTIL (NEOCATE LCP) ,06.948.769/0001-12 - TECNOCENTER MAT.MEDICOS HOSPITALARES LTDA,"16.920,00"
22.000.105906.2019,SECRETARIA DE ESTADO DA EDUCAÇÃO,25/04/2019,CONTRATAÇÃO DE EMPRESA PARA FORNECIMENTO DE PACOTES DE INTERCÂMBIO - DESTINO ARGENTINA,96.766.555/0001-18 - GRIFFE VIAGENS E TURISMO LTDA - ME,"6.505.725,00"
25.000.1112511.2019,SECRETARIA DE ESTADO DA SAÚDE,25/04/2019,AQUISIÇÃO EMERGENCIAL DE MEDICAMENTOS ,04.307.650/0012-98 - ONCO PROD DISTRIBUIDORA DE PRODUTOS HOSPITALARES E ONCOLOGICOS LTDA,"85.601,04"
25.000.1503565.2019,SECRETARIA DE ESTADO DA SAÚDE,25/04/2019,AQUISIÇÃO EMERGENCIAL DE MEDICAMENTO ,18.459.628/0001-15 - BAYER SA,"178.118,73"
25.000.2203564.2019,SECRETARIA DE ESTADO DA SAÚDE,25/04/2019,AQUISIÇÃO EMERGENCIAL DE MEDICAMENTO,05.240.939/0001-47 - ACTELION PHARMACEUTICALS DO BRASIL LTDA,"181.915,20"
25.000.204504.2019,SECRETARIA DE ESTADO DA SAÚDE,26/04/2019,AQUISIÇÃO EMERGENCIAL DE MEDICAMENTO A FIM DE ATENDER DEMANDA JUDICIAL,11.563.145/0001-17 - COMERCIAL MOSTAERT LIMITADA,"52.673,04"
25.000.204509.2019,SECRETARIA DE ESTADO DA SAÚDE,26/04/2019,AQUISIÇÃO EMERGENCIAL DE MEDICAMENTO,33.009.945/0001-23 - PRODUTOS ROCHE QUIMICOS E FARMACEUTICOS S/A,"741.577,20"
25.000.204532.2019,SECRETARIA DE ESTADO DA SAÚDE,26/04/2019,FÓRMULA NUTRICIONAL (FORTINI 400G),06.948.769/0001-12 - TECNOCENTER MAT.MEDICOS HOSPITALARES LTDA,"4.320,00"
25.000.2203561.2019,SECRETARIA DE ESTADO DA SAÚDE,26/04/2019,MEDICAMENTO (ENOXAPARINA 100MG),Razão Social não encontrada,"28.625,40"
25.000.2203577.2019,SECRETARIA DE ESTADO DA SAÚDE,26/04/2019,AQUISIÇÃO EMERGENCIAL DE MATERIAIS MÉDICOS ,06.948.769/0001-12 - TECNOCENTER MAT.MEDICOS HOSPITALARES LTDA,"258.400,80"
25.000.904516.2019,SECRETARIA DE ESTADO DA SAÚDE,26/04/2019,FÓRMULA INFANTIL (PREGOMIN PEPTI) ,Razão Social não encontrada,"11.040,00"
25.000.1503558.2019,SECRETARIA DE ESTADO DA SAÚDE,29/04/2019,MEDICAMENTO (OCRELIZUMABE 30MG/ML),33.009.945/0002-04 - PRODUTOS ROCHE QUIMICOS E FARMACEUTICOS S.A,"94.246,56"
25.000.204531.2019,SECRETARIA DE ESTADO DA SAÚDE,29/04/2019,MEDICAMENTO (PANCREATINA 10.000 U.F.E.),Razão Social não encontrada,"1.764,00"
25.000.204534.2019,SECRETARIA DE ESTADO DA SAÚDE,29/04/2019,AQUISIÇÃO EMERGENCIAL DE MEDICAMENTO,33.009.945/0002-04 - PRODUTOS ROCHE QUIMICOS E FARMACEUTICOS S.A,"98.327,44"
250.004.045.052.019,SECRETARIA DE ESTADO DA SAÚDE,29/04/2019,AQUISIÇÃO EMERGENCIAL DE MEDICAMENTO (RISPERIDONA 1MG/ML 30ML) ,NaN,NaN
25.000.904518.2019,SECRETARIA DE ESTADO DA SAÚDE,29/04/2019,AQUISIÇÃO EMERGENCIAL DE FÓRMULA INFANTIL,01.687.725/0001-62 - CENTRO ESPECIALIZADO EM NUTRIÇÃO ENTERAL E PARENTAL - CENEP LTDA,"6.264,00"
25.206.000118.2019,SES/COMPLEXO DE SAÚDE ARLINDA MARQUES,29/04/2019,GÊNEROS ALIMENTÍCIOS NÃO PERECÍVEIS,19.447.850/0001-60 - DISTRIBUIDORA FF ALIMENTOS LTDA - ME,"34.683,80"
22.204.002708.2019,SEE/UNIVERSIDADE ESTADUAL DA PARAÍBA,30/04/2019,CONTRATAÇÃO DE EMPRESA ESPECIALIZADA EM PUBLICAÇÃO NO DIÁRIO OFICIAL DO ESTADO.,01.518.579/0001-41 - A UNIAO SUP.DE IMPRENSA E EDITORA,"200.000,00"
25.000.1004616.2019,SECRETARIA DE ESTADO DA SAÚDE,30/04/2019,AQUISIÇÃO EMERGENCIAL DE MEDICAMENTO,11.563.145/0001-17 - COMERCIAL MOSTAERT LIMITADA,"2.671,20"
25.000.204501.2019,SECRETARIA DE ESTADO DA SAÚDE,30/04/2019,AQUISIÇÃO EMERGENCIAL DE MEDICAMENTOS (MALEATO DE SUNITINIB 25 MG E 50 MG) ,11.563.145/0001-17 - COMERCIAL MOSTAERT LIMITADA,"10.740.004,68"
25.000.2602530.2019,SECRETARIA DE ESTADO DA SAÚDE,30/04/2019,AQUISIÇÃO EMERGENCIAL DE INSULINA DEGLUDECA 100 UI/ML E SENSORES FREESTYLE LIBRE ,09.053.134/0001-45 - ELFA MEDICAMENTOS LTDA,"7.718,52"
25.000.504557.2019,SECRETARIA DE ESTADO DA SAÚDE,30/04/2019,AQUISIÇÃO EMERGENCIAL DE CADEIRA DE RODAS,04.238.951/0001-54 - LOCMED HOSPITALAR LTDA,"3.582,00"
25.000.904514.2019,SECRETARIA DE ESTADO DA SAÚDE,30/04/2019,AQUISIÇÃO EMERGENCIAL DE MEDICAMENTO,09.053.134/0001-45 - ELFA MEDICAMENTOS LTDA,"1.759,86"
25.000.204539.2019,SECRETARIA DE ESTADO DA SAÚDE,02/05/2019,AQUISIÇÃO EMERGENCIAL DE MEDICAMENTO,18.459.628/0001-15 - BAYER SA,"28.521,50"
25.000.2045219.2019,SECRETARIA DE ESTADO DA SAÚDE,03/05/2019,MEDICAMENTO  (OMALIZUMABE 150MG DE PÓ P SOLUÇÃO INJ - EMBAL CONT 1 FRASCO - AMP + 1 AMP DILUENTE) ,Razão Social não encontrada,"396.351,54"
25.000.504645.2019,SECRETARIA DE ESTADO DA SAÚDE,03/05/2019,"MEDICAMENTO (TIOTRÓPIO BROMETO, SAL BROMETO, 2,5MCG/DOSE, SOLUÇÃO P/ INALAÇÃO, COM INALADOR)",09.053.134/0002-26 - ELFA MEDICAMENTOS LTDA,"1.730.480,00"
25.000.2203569.2019,SECRETARIA DE ESTADO DA SAÚDE,06/05/2019,AQUISIÇÃO EMERGENCIAL DE FÓRMULA NUTRICIONAL,08.778.201/0001-26 - DROGAFONTE LTDA,"25.842,60"
31.203.000017.2019,SEIE/COMPANHIA DOCAS DA PARAÍBA,06/05/2019,CONTRATAÇÃO DE EMPRESA ESPECIALIZADA PARA EXECUÇÃO DOS SERVIÇOS DE,24.541.955/0001-14 - LIBERATO BARROSO,"26.801,09"
25.000.1503559.2019,SECRETARIA DE ESTADO DA SAÚDE,07/05/2019,COMPOSTO LÁCTEO NESLAC CONFOR (LATA COM 800G),Razão Social não encontrada,"1.488,60"
25.000.2709525.2019,SECRETARIA DE ESTADO DA SAÚDE,07/05/2019,AQUISIÇÃO EMERGENCIAL DE SUPLEMENTO NUTRICIONAL (NUTRIDRINK MAX),06.948.769/0001-12 - TECNOCENTER MAT.MEDICOS HOSPITALARES LTDA,"8.640,00"
25.000.904517.2019,SECRETARIA DE ESTADO DA SAÚDE,07/05/2019,SUPLEMENTOS NUTRICIONAIS (ISOSOURCE SOYA E ISOSOURCE FIBER),Razão Social não encontrada,"7.614,00"
25.000.904523.2019,SECRETARIA DE ESTADO DA SAÚDE,07/05/2019,AQUISIÇÃO EMERGENCIAL DE SUPLEMENTOS ,06.948.769/0001-12 - TECNOCENTER MAT.MEDICOS HOSPITALARES LTDA,"11.128,00"
31.203.000018.2019,SEIE/COMPANHIA DOCAS DA PARAÍBA,07/05/2019,CONTRATAÇÃO DE EMPRESA ESPECIALIZADA PARA EXECUÇÃO DO SERVIÇO DE LIMPEZA MECANIZADA,32.322.882/0001-06 - PEROLA INCORPORAÇÕES E CONSTRUÇÓES LTDA,"39.385,39"
25.000.904525.2019,SECRETARIA DE ESTADO DA SAÚDE,08/05/2019,AQUISIÇÃO EMERGENCIAL DE MEDICAMENTO (EMPAGLIFLOZINA 25MG) ,09.053.134/0002-26 - ELFA MEDICAMENTOS LTDA,"851,40"
37.000.000528.2019,"SECRETARIA DE ESTADO DE PLANEJAMENTO, ORÇAMENTO, GESTÃO",09/05/2019,CONTRATO EMERGENCIAL ,06.317.042/0001-37 - COOPERTRANS - COOPERATIVA DOS TRANSPORTES,"400.002,30"
27.201.001536.2019,"SEDH/FUND. DESENV. CRIANÇA E ADOLESC""ALICE DE ALMEIDA""",11/05/2019,DISPENSA DE LICITAÇÃO.,25.355.620/0001-74 - FT COMERCIO E DISTRIBUIDORA DE COLCHOES LTDA,"114.000,00"
31.203.000019.2019,SEIE/COMPANHIA DOCAS DA PARAÍBA,14/05/2019,AQUISIÇÃO DE APARELHO TELEFONICO,47.960.950/0001-21 - MAGAZINE LUIZA S/A,"4.599,00"
25.000.2904530.2019,SECRETARIA DE ESTADO DA SAÚDE,15/05/2019,AQUISIÇÃO EMERGENCIAL DE MEDICAMENTO,09.053.134/0002-26 - ELFA MEDICAMENTOS LTDA,"11.556,00"
32.000.800012.2019,SECRETARIA DE ESTADO DO DESENVOLVIMENTO DA AGROPECUÁRIA E DA PESCA,15/05/2019,AQUISIÇÃO DE RAÇÃO P/ PEIXE P/ATENDER ESTAÇÃO DE PISCICULTURA DE ITAPORANGA/PB ,06.049.929/0001-91 - ATACADAO DO CRIADOR - COM.IND. AGROPECUARIA E TRANSPORTES LTDA,"36.208,00"
25.000.1403533.2019,SECRETARIA DE ESTADO DA SAÚDE,16/05/2019,CONTRATAÇÃO EMERG DE CLÍNICA PARA REALIZAÇÃO,28.154.149/0001-44 - CLINICA MEDICA HIPERBARICA LTDA,"19.000,00"
25.000.2102559.2019,SECRETARIA DE ESTADO DA SAÚDE,16/05/2019,AQUISIÇÃO EMERGENCIAL DE MEDICAMENTO (OCTREOTIDA ...,09.053.134/0001-45 - ELFA MEDICAMENTOS LTDA,"68.627,28"
25.000.904512.2019,SECRETARIA DE ESTADO DA SAÚDE,16/05/2019,AQUISIÇÃO EMERGENCIAL DE MEDICAMENTO (EVEROLIMO 5MG) ,09.053.134/0002-26 - ELFA MEDICAMENTOS LTDA,"51.159,60"
25.000.904513.2019,SECRETARIA DE ESTADO DA SAÚDE,16/05/2019,MEDICAMENTO (ELTROMBOPAGUE OLAMINA 50MG) ,Razão Social não encontrada,"130.000,92"
25.000.904524.2019,SECRETARIA DE ESTADO DA SAÚDE,16/05/2019,AQUISIÇÃO EMERGENCIAL DE MEDICAMENTO ,11.563.145/0001-17 - COMERCIAL MOSTAERT LIMITADA,"403,20"
25.000.2904545.2019,SECRETARIA DE ESTADO DA SAÚDE,22/05/2019,AQUISIÇÃO EMERGENCIAL DE MEDICAMENTO ,56.994.502/0026-98 - NOVARTIS BIOCIÊNCIAS S.AA,"318.941,00"
25.000.294529.2019,SECRETARIA DE ESTADO DA SAÚDE,23/05/2019,AQUISIÇÃO EMERGENCIAL DE MEDICAMENTO (INSULINA DEGLUDECA 100 UI/ML,NaN,NaN
25.000.2203572.2010,SECRETARIA DE ESTADO DA SAÚDE,24/05/2019,AQUISIÇÃO EMERG DE SUPLEMENTOS (NUTRIDRINK MAX,NaN,NaN
26.201.004738.2019,SEDS/DEPARTAMENTO ESTADUAL DE TRÂNSITO DO ESTADO DA PARAÍBA,24/05/2019,CONTRATAÇÃO DE ENTIDADE PÚBLICA PARA AFERIÇÃO DE ETILÔMETROS,NaN,NaN
25.000.1005583.2010,SECRETARIA DE ESTADO DA SAÚDE,27/05/2019,AQUISIÇÃO EMERGENCIAL DE SUPLEMENTO ALIMENTAR (FORTICARE 125ML) ,NaN,NaN
25.000.1005584.2010,SECRETARIA DE ESTADO DA SAÚDE,27/05/2019,AQUISIÇÃO EMERGENCIAL DE FÓRMULA INFANTIL,NaN,NaN
25.000.2904520.2010,SECRETARIA DE ESTADO DA SAÚDE,27/05/2019,AQUISIÇÃO EMERGENCIAL DE MEDICAMENTO,NaN,NaN
25.000.404504.2019,SECRETARIA DE ESTADO DA SAÚDE,27/05/2019,AQUISIÇÃO EMERGENCIAL DE MEDICAMENTO,01.578.276/0001-14 - ASLI COMERCIAL EIRELI,"36.900,00"
25.000.1005579.2019,SECRETARIA DE ESTADO DA SAÚDE,28/05/2019,AQUISIÇÃO EMERGENCIAL DE MEDICAMENTO,09.053.134/0001-45 - ELFA MEDICAMENTOS LTDA,"1.513,12"
25.000.2904521.2019,SECRETARIA DE ESTADO DA SAÚDE,28/05/2019,AQUISIÇÃO EMERG DE MED (DUPILUMABE 300MG - SERINGA PREENCHIDA COM 2 ML E SISTEMA DE SEGURANÇA),Razão Social não encontrada,"34.984,68"
25.000.2904525.2019,SECRETARIA DE ESTADO DA SAÚDE,28/05/2019,MED  (GUSELMABE 100MG - SERIN PREENCHIDA 1ML DE SOL SUBCUTÂNEO COM DISPOS DE SEGUR),Razão Social não encontrada,"44.775,80"
25.000.2904550.2019,SECRETARIA DE ESTADO DA SAÚDE,28/05/2019,AQUISIÇÃO EMERGENCIAL DE MEDICAMENTO (PIRFENIDONA 267 MG),33.009.945/0002-04 - PRODUTOS ROCHE QUIMICOS E FARMACEUTICOS S.A,"48.243,60"
25.000.1103590.2019,SECRETARIA DE ESTADO DA SAÚDE,29/05/2019,CONTRATAÇÃO EMERG DE EMPRESA PARA PRESTAÇÃO DE SERVIÇOS DE HOMECARE ,Razão Social não encontrada,"81.588,20"
25.000.2904524.2019,SECRETARIA DE ESTADO DA SAÚDE,30/05/2019,AQUISIÇÃO EMERGENCIAL DE MEDICAMENTO,09.053.134/0002-26 - ELFA MEDICAMENTOS LTDA,"145.613,16"
25.000.2904526.2019,SECRETARIA DE ESTADO DA SAÚDE,30/05/2019,AQUISIÇÃO EMERGENCIAL DE MEDICAMENTO,51.780.468/0002-68 - JANSSEN-CILAG FARMACEUTICA LTDA,"581.812,00"
25.000.2904546.2019,SECRETARIA DE ESTADO DA SAÚDE,30/05/2019,MEDICAMENTO (PIRFENIDONA 267MG),Razão Social não encontrada,"48.243,60"
25.000.404506.2019,SECRETARIA DE ESTADO DA SAÚDE,30/05/2019,AQUISIÇÃO EMERGENCIAL DE MEDICAMENTO,09.053.134/0002-26 - ELFA MEDICAMENTOS LTDA,"5.760,00"
25.000.2205554.2019,SECRETARIA DE ESTADO DA SAÚDE,31/05/2019,AQUISIÇÃO EMERGENCIAL DE SUPLEMENTO NUTRICIONAL ,04.275.808/0001-32 - NUTRI CARE PROD MEDICOS HOSP LTDA,"1.767,00"
25.000.1005575.2019,SECRETARIA DE ESTADO DA SAÚDE,03/06/2019,AQUISIÇÃO EMERGENCIAL DE MEDICAMENTO (PANCREATINA 300MG - CREON 25.000UI) A FIM DE ATENDER DJ,07.484.373/0001-24 - UNI HOSPITALAR LTDA,"370,80"
25.000.1005585.2019,SECRETARIA DE ESTADO DA SAÚDE,03/06/2019,SUPLEMENTO NUTRICIONAL (NUTRISON SOYA 800G E CALOGEN 200ML),Razão Social não encontrada,"7.428,00"
25.000.2205553.2019,SECRETARIA DE ESTADO DA SAÚDE,03/06/2019,AQUISIÇÃO EMERG DE SUP NUTRICIONAL (FORTINI 400MG) A FIM DE ATENDER DEMANDA JUDICIAL,06.948.769/0001-12 - TECNOCENTER MAT.MEDICOS HOSPITALARES LTDA,"6.300,00"
25.000.2205599.2019,SECRETARIA DE ESTADO DA SAÚDE,03/06/2019,AQUISIÇÃO EMERGENCIAL DE SUPLEMENTO,06.948.769/0001-12 - TECNOCENTER MAT.MEDICOS HOSPITALARES LTDA,"6.480,00"
25.000.1405510.2019,SECRETARIA DE ESTADO DA SAÚDE,04/06/2019,AQUISIÇÃO EMERGENCIAL DE MEDICAMENTOS ,51.780.468/0002-68 - JANSSEN-CILAG FARMACEUTICA LTDA,"544.032,00"
25.000.605561.2019,SECRETARIA DE ESTADO DA SAÚDE,04/06/2019,AQUISIÇÃO EMERGENCIAL DE MEDICAMENTO ,Razão Social não encontrada,"173.954,55"
25.000.2904523.2019,SECRETARIA DE ESTADO DA SAÚDE,05/06/2019,AQUISIÇÃO EMERGENCIAL DE MEDICAMENTO,60.318.797/0001-00 - ASTRAZENECA DO BRASIL LTDA,"1.605,60"
22.204.001148.2019,SEE/UNIVERSIDADE ESTADUAL DA PARAÍBA,06/06/2019,SERVIÇO PARA MANUTENÇÃO CORRETIVA E PREVENTIVA DE IMPRESSORA 3D,Razão Social não encontrada,"119.556,00"
25.000.2904542.2019,SECRETARIA DE ESTADO DA SAÚDE,06/06/2019,AQUISIÇÃO EMERGENCIAL DE MEDICAMENTO ,09.053.134/0002-26 - ELFA MEDICAMENTOS LTDA,"222.871,36"
25.000.2904547.2019,SECRETARIA DE ESTADO DA SAÚDE,06/06/2019,"MEDICAMENTO (AFLIBERCEPTE 40,G/ML - SOLUÇÃO INJETÁVEL)",18.459.628/0001-15 - BAYER SA,"243.741,42"
25.000.803578.2019,SECRETARIA DE ESTADO DA SAÚDE,06/06/2019,CONTRATAÇÃO DE INSTITUIÇÃO,02.168.943/0001-53 - FUND. DE EDUC. TEC. E CULTURAL DA PARAIBA (FUNETEC-PB),"267.500,00"
25.000.605560.2019,SECRETARIA DE ESTADO DA SAÚDE,07/06/2019,AQUISIÇÃO EMERGENCIAL DE MEDICAMENTO,09.053.134/0001-45 - ELFA MEDICAMENTOS LTDA,"2.390.834,25"
26.201.025110.2019,SEDS/DEPARTAMENTO ESTADUAL DE TRÂNSITO,07/06/2019,LOCAÇÃO DE PRÉDIO URBANO PARA FUNCIONAMENTO DOS SERVIÇOS DO POSTO DO DETRAN EM TEIXEIRA/PB ,219.214.074-68 - RITA NUNES PEREIRA,"14.000,00"
25.206.000163.2019,SES/COMPLEXO DE SAÚDE ARLINDA MARQUES,12/06/2019,AQUISIÇÃO DE HORTIFRUTIGRANGEIRO,19.560.932/0001-17 - JTS COMÉRCIO DE ALIMENTOS EIRELI - EPP,"82.542,08"
26.201.007969.2019,SEDS/DEPARTAMENTO ESTADUAL DE TRÂNSITO,12/06/2019,"CONTRATAÇÃO DE EMPRESA PARA PRESTAÇÃO DE SERVIÇOS DE LIMPEZA, HIGIENIZAÇÃO E CONSERVAÇÃO PREDIAL",07.990.965/0001-18 - ÁGAPE CONSTRUÇÕES E SERVIÇOS LTDA,"1.518.476,76"
25.000.204513.2019,SECRETARIA DE ESTADO DA SAÚDE,17/06/2019,AQUISIÇÃO EMERGENCIAL DE SUPLEMENTO,09.074.443/0002-82 - MSA COMERCIO DE PRODUTOS MEDICOS E HOSPITALARES LTDA - EPP,"5.976,27"
25.000.1503557.2019,SECRETARIA DE ESTADO DA SAÚDE,18/06/2019,AQUISIÇÃO EMERGENCIAL DE SUPLEMENTOS NUTRICIONAIS ,06.948.769/0001-12 - TECNOCENTER MAT.MEDICOS HOSPITALARES LTDA,"13.104,00"
25.000.204527.2019,SECRETARIA DE ESTADO DA SAÚDE,18/06/2019,AQUISIÇÃO EMERGENCIAL DE MEDICAMENTO A FIM DE ATENDER DEMANDA JUDICIAL,09.053.134/0002-26 - ELFA MEDICAMENTOS LTDA,"1.834,56"
25.000.1005574.2019,SECRETARIA DE ESTADO DA SAÚDE,19/06/2019,AQUISIÇÃO EMERGENCIAL DE MEDICAMENTO  ,81.887.838/0007-36 - PROFARMA SPECIALTY S/A,"217.510,92"
25.000.2205560.2019,SECRETARIA DE ESTADO DA SAÚDE,19/06/2019,AQUISIÇÃO EMERGENCIAL DE MEDICAMENTO,11.563.145/0001-17 - COMERCIAL MOSTAERT LIMITADA,"31.500,00"
25.000.1004617.2019,SECRETARIA DE ESTADO DA SAÚDE,25/06/2019,MEDICAMENTO (MESILATO DE IMATINIBE 400MG),Razão Social não encontrada,"20.520,00"
25.000.1005573.2019,SECRETARIA DE ESTADO DA SAÚDE,25/06/2019,AQUISIÇÃO EMERGENCIAL DE FRALDAS DESCARTÁVEIS,12.040.718/0001-90 - GRADUAL COMERCIO E SERVICOS EIRELI - ME,"13.707,90"
25.000.1005586.2019,SECRETARIA DE ESTADO DA SAÚDE,25/06/2019,MEDICAMENTO (CETUXIMABE 5MG/ML),Razão Social não encontrada,"294.375,36"
25.000.1006556.2019,SECRETARIA DE ESTADO DA SAÚDE,26/06/2019,AQUISIÇÃO EMERGENCIAL DE MEDICAMENTO,09.053.134/0001-45 - ELFA MEDICAMENTOS LTDA,"34.984,68"
25.000.3005533.2019,SECRETARIA DE ESTADO DA SAÚDE,26/06/2019,"CURATIVOS BIATAIN SILI LITE 10 X 10 CM, COMFEEL CRE BARREIRA, GIGADERME, AQUASEPT FOAN 200ML E ...",06.948.769/0001-12 - TECNOCENTER MAT.MEDICOS HOSPITALARES LTDA,"13.797,00"
25.000.2305598.2019,SECRETARIA DE ESTADO DA SAÚDE,27/06/2019,REALIZAÇÃO DE EXAME CARIOTIPO COM BANDA G,Razão Social não encontrada,"1.000,00"
28.000.000081.2019,PROJETO COOPERAR,27/06/2019,LOCAÇÃO DE IMÓVEL NA CIDADE DE SOLEDADE-PB,864.983.474-49 - GILVANISE GOMES DE A.LUCENA MEDEIROS,"18.000,00"
25.000.1005581.2019,SECRETARIA DE ESTADO DA SAÚDE,28/06/2019,PERTUZUMABE 420MG/14ML,33.009.945/0002-04 - PRODUTOS ROCHE QUIMICOS E FARMACEUTICOS S.A,"88.283,00"
25.000.605564.2019,SECRETARIA DE ESTADO DA SAÚDE,28/06/2019,AQUISIÇÃO EMERGENCIAL DE MEDICAMENTO,56.994.502/0027-79 - NOVARTIS BIOCIENCIAS SA,"76.536,00"
25.000.1306502.2019,SECRETARIA DE ESTADO DA SAÚDE,01/07/2019,AQUISIÇÃO EMERGENCIAL DE SUPLEMENTO NUTRICIONAL ,06.948.769/0001-12 - TECNOCENTER MAT.MEDICOS HOSPITALARES LTDA,"1.428,00"
25.000.3005542.2019,SECRETARIA DE ESTADO DA SAÚDE,01/07/2019,AQUISIÇÃO EMERGENCIAL DE FÓRMULA INFANTIL ,Razão Social não encontrada,"11.748,00"
25.000.3005536.2019,SECRETARIA DE ESTADO DA SAÚDE,03/07/2019,AQUISIÇÃO EMERGENCIAL DE MEDICAMENTOS,33.009.945/0002-04 - PRODUTOS ROCHE QUIMICOS E FARMACEUTICOS S.A,"219.097,48"
26.201.003356.2019,SEDS/DEPARTAMENTO ESTADUAL DE TRÂNSITO DO ESTADO DA PARAÍBA,03/07/2019,AQUISIÇÃO EMERGENCIAL DE MEDICAMENTO,NaN,NaN
25.000.706560.2019,SECRETARIA DE ESTADO DA SAÚDE,04/07/2019,AQUISIÇÃO EMERGENCIAL DE MEDICAMENTO,51.780.468/0002-68 - JANSSEN-CILAG FARMACEUTICA LTDA,"26.865,48"
25.000.706561.2019,SECRETARIA DE ESTADO DA SAÚDE,04/07/2019,MEDICAMENTO (BRENTUXIMABE VEDOTINA 50MG PÓ LIOF INJ),Razão Social não encontrada,"327.885,84"
25.000.2205555.2019,SECRETARIA DE ESTADO DA SAÚDE,05/07/2019,AQUISIÇÃO EMERGENCIAL DE MEDICAMENTO A FIM DE ATENDER DEMANDA JUDICIAL,09.053.134/0001-45 - ELFA MEDICAMENTOS LTDA,"218.590,56"
25.000.2205600.2019,SECRETARIA DE ESTADO DA SAÚDE,05/07/2019,"RIVAROXABANA 10MG, 15MG E 20 MG",Razão Social não encontrada,"19.265,96"
25.000.3005539.2019,SECRETARIA DE ESTADO DA SAÚDE,05/07/2019,MEDICAMENTO (NIVOLUMABE 100MG),Razão Social não encontrada,"107.412,64"
25.000.1306504.2019,SECRETARIA DE ESTADO DA SAÚDE,08/07/2019,AQUISIÇÃO EMERGENCIAL DE MEDICAMENTO (INSULINA GLARCINA 100UI/ML) ,09.053.134/0001-45 - ELFA MEDICAMENTOS LTDA,"1.687.680,00"
25.000.706558.2019,SECRETARIA DE ESTADO DA SAÚDE,08/07/2019,AQUISIÇÃO EMERGENCIAL DE MEDICAMENTO,09.053.134/0001-45 - ELFA MEDICAMENTOS LTDA,"139.163,52"
20.000.038018.2019,SECRETARIA DE ESTADO DA FAZENDA,09/07/2019,CONTRATAÇÃO DE SERVIÇOS,27.543.994/0001-49 - EMANUELLA DE ASEVEDO ANDRADE,"32.654,40"
25.000.3004506.2019,SECRETARIA DE ESTADO DA SAÚDE,09/07/2019,AQUISIÇÃO EMERGENCIAL DE CADEIRA DE RODAS ,04.238.951/0001-54 - LOCMED HOSPITALAR LTDA,"3.395,00"
28.901.004243.2019,SECTMA/FUNDO ESTADUAL DE PROTEÇÃO AO MEIO AMBIENTE,09/07/2019,CONTRATAÇÃO FAPESQ,41.134.719/0001-00 - FUNDACAO DE APOIO A PESQUISA DO EST.DA PARAIBA,"964.080,00"
25.000.3005546.2019,SECRETARIA DE ESTADO DA SAÚDE,11/07/2019,FÓRMULA INFANTIL (NEOCATE LCP),06.948.769/0001-12 - TECNOCENTER MAT.MEDICOS HOSPITALARES LTDA,"142.410,00"
25.000.3005567.2019,SECRETARIA DE ESTADO DA SAÚDE,15/07/2019,CLÍNICA PARA REALIZAÇÃO DE 50 (CINQUENTA) SESSÕES DE OXIGENOTERAPIA HIPERBÁRICA,28.154.149/0001-44 - CLINICA MEDICA HIPERBARICA PARAIBA LTDA,"19.000,00"
25.000.2606544.2019,SECRETARIA DE ESTADO DA SAÚDE,16/07/2019,AQUISIÇÃO EMERGENCIAL DE FRALDAS DESCARTÁVEIS GERIÁTRICAS E PEDIÁTRICAS ,12.040.718/0001-90 - GRADUAL COMERCIO E SERVICOS EIRELI - ME,"3.421,90"
25.000.2606559.2019,SECRETARIA DE ESTADO DA SAÚDE,17/07/2019,AQUISIÇÃO EMERGENCIAL DE FÓRMULA INFANTIL (NEO ADVANCE 400G) ,06.948.769/0001-12 - TECNOCENTER MAT.MEDICOS HOSPITALARES LTDA,"10.800,00"
25.000.3005537.2019,SECRETARIA DE ESTADO DA SAÚDE,17/07/2019,AQUISIÇÃO EMERGENCIAL DE FÓRMULA INFANTIL (NEO ADVANCE 400G) ,Razão Social não encontrada,"27.000,00"
25.000.1106550.2019,SECRETARIA DE ESTADO DA SAÚDE,18/07/2019,CLÍNICA PARA REALIZAÇÃO DE 30 (TRINTA) SESSÕES DE OXIGENOTERAPIA HIPERBÁRICA,Razão Social não encontrada,"11.400,00"
25.000.2304541.2019,SECRETARIA DE ESTADO DA SAÚDE,18/07/2019,CONTRATAÇÃO EMERGENCIAL DE EMPRESA PARA REALIZAÇÃO DE ,29.251.258/0001-42 - MED-EL DO BRASIL ELETROMEDICOS LTDA,"3.932,00"
25.000.2606560.2019,SECRETARIA DE ESTADO DA SAÚDE,18/07/2019,FÓRMULA NUTRICIONAL (FORTINI 400G) ,Razão Social não encontrada,"3.456,00"
25.000.2606598.2019,SECRETARIA DE ESTADO DA SAÚDE,18/07/2019,BRENTUXIMABE VEDOTINA,Razão Social não encontrada,"327.886,08"
25.000.507530.2019,SECRETARIA DE ESTADO DA SAÚDE,18/07/2019,NUTREN SENIOR 740G,Razão Social não encontrada,"1.188,00"
25.000.706559.2019,SECRETARIA DE ESTADO DA SAÚDE,18/07/2019,MEDICAMENTO (MESALAZINA 1200MG LIBERAÇÃO PROLONGADA),Razão Social não encontrada,"3.115,80"
19.000.279991.2019,SECRETARIA DE ESTADO DA ADMINISTRAÇÃO,19/07/2019,CONTRATAÇÃO DE EMPRESA ESPECIALIZADA PARA REALIZAÇÃO DE CONCURSO PÚBLICO DE AGENTES SOCIOEDUCATIVO,23.985.753/0001-07 - INSTITUTO BRASILEIRO DE APOIO E DESENVOLVIMENTO EXECUTIVO - IBADE,"56,00"
20.000.086299.2019,SECRETARIA DE ESTADO DA FAZENDA,19/07/2019,CONTRATAÇÃO DO SERVIÇO DE RECUPERAÇÃO ,15.161.782/0001-18 - RVA PROJETOS E CONSTRUCOES LTDA,"31.588,28"
25.000.507533.2019,SECRETARIA DE ESTADO DA SAÚDE,19/07/2019,AQUISIÇÃO EMERGENCIAL DE SUPLEMENTO ALIMENTAR (ENSURE 400G) ,04.275.808/0001-32 - NUTRI CARE PROD MEDICOS HOSP LTDA,"3.112,20"
25.000.2606545.2019,SECRETARIA DE ESTADO DA SAÚDE,23/07/2019,AQUISIÇÃO EMERGENCIAL DE FÓRMULA INFANTIL (NEOCATE LCP 400G) A FIM DE ATENDER DEMANDAS JUDICIAIS,Razão Social não encontrada,"52.170,00"
25.000.107517.2019,SECRETARIA DE ESTADO DA SAÚDE,26/07/2019,AQUISIÇÃO EMERGENCIAL DE PRÓTESE TRANSTIBIAL...,10.852.945/0001-95 - SCD IND.E COM.DE APAR.ORTOPEDICOS LTDA-EPP,"5.800,00"
25.000.1107548.2019,SECRETARIA DE ESTADO DA SAÚDE,26/07/2019,AQUISIÇÃO EMERGENCIAL DE SUPLEMENTO,04.275.808/0001-32 - NUTRI CARE PROD MEDICOS HOSP LTDA,"3.420,00"
25.000.2205543.2019,SECRETARIA DE ESTADO DA SAÚDE,26/07/2019,AQUISIÇÃO EMERGENCIAL DE MEDICAMENTOS ,09.053.134/0001-45 - ELFA MEDICAMENTOS LTDA,"382.995,00"
25.000.2606562.2019,SECRETARIA DE ESTADO DA SAÚDE,26/07/2019,MEDICAMENTO (APIXABANA 5MG),Razão Social não encontrada,"1.044,00"
25.000.3005544.2019,SECRETARIA DE ESTADO DA SAÚDE,26/07/2019,AQUISIÇÃO EMERGENCIAL DE FÓRMULA INFANTIL (NEOCATE LCP 400G) A FIM DE ATENDER DEMANDAS JUDICIAIS ,06.948.769/0001-12 - TECNOCENTER MAT.MEDICOS HOSPITALARES LTDA,"43.470,00"
25.000.100.7510.2010,SECRETARIA DE ESTADO DA SAÚDE,29/07/2019,AQUISIÇÃO EMERGENCIAL DE MEDICAMENTOS ,Razão Social não encontrada,"302.240,00"
25.000.260.6592.2010,SECRETARIA DE ESTADO DA SAÚDE,29/07/2019,AQUISIÇÃO EMERGENCIAL DE MEDICAMENTO ,51.780.468/0002-68 - JANSSEN-CILAG FARMACEUTICA LTDA,"391.740,00"
25.000.706.5562.2019,SECRETARIA DE ESTADO DA SAÚDE,29/07/2019,AQUISIÇÃO EMERGENCIAL DE MEDICAMENTO ,56.994.502/0026-98 - NOVARTIS BIOCIÊNCIAS S.AA,"338.077,00"
25.000.100.7514.2010,SECRETARIA DE ESTADO DA SAÚDE,30/07/2019,EMERGENCIAL DE MEDICAMENTOS (VEDOLIZUMABE 300MG),Razão Social não encontrada,"104.372,00"
25.000.110.7544.2010,SECRETARIA DE ESTADO DA SAÚDE,30/07/2019,MEDICAMENTO (MICOFENOLATO DE MOFETILA 500MG),Razão Social não encontrada,"110.826,00"
25.000.110.7545.2010,SECRETARIA DE ESTADO DA SAÚDE,30/07/2019,AQUISIÇÃO EMERGENCIAL DE MEDICAMENTO,56.994.502/0026-98 - NOVARTIS BIOCIENCIAS SA,"406.514,00"
25.000.260.6563.2010,SECRETARIA DE ESTADO DA SAÚDE,30/07/2019,AQUISIÇÃO EMERGENCIAL DE MEDICAMENTO (LACOSAMIDA 100MG)  ,09.053.134/0001-45 - ELFA MEDICAMENTOS LTDA,"182.7,00"
25.000.507.532.2019,SECRETARIA DE ESTADO DA SAÚDE,30/07/2019,AQUISIÇÃO EMERGENCIAL DE MEDICAMENTO (HILANO G-F 20 8MG/ML) ,09.053.134/0001-45 - ELFA MEDICAMENTOS LTDA,"242.6,00"
25.000.507.592.2019,SECRETARIA DE ESTADO DA SAÚDE,30/07/2019,AQUISIÇÃO EMERGENCIAL DE MEDICAMENTOS,09.053.134/0001-45 - ELFA MEDICAMENTOS LTDA,"194.357,00"
25.000.1007517.2019,SECRETARIA DE ESTADO DA SAÚDE,01/08/2019,"AQUISIÇÃO EMERGENCIAL DE FÓRMULA INFANTIL (ISOSOURCE 1,5) ",Razão Social não encontrada,"7.905,00"
25.000.1107546.2019,SECRETARIA DE ESTADO DA SAÚDE,01/08/2019,AQUISIÇÃO EMERGENCIAL DE MEDICAMENTO,60.318.797/0001-00 - ASTRAZENECA DO BRASIL LTDA.,"5.741,16"
25.000.2606552.2019,SECRETARIA DE ESTADO DA SAÚDE,01/08/2019,AQUISIÇÃO EMERGENCIAL DE MEDICAMENTO,60.318.797/0001-00 - ASTRAZENECA DO BRASIL LTDA.,"37.093,84"
25.000.1005576.2019,SECRETARIA DE ESTADO DA SAÚDE,06/08/2019,AQUISIÇÃO EMERGENCIAL DE MEDICAMENTO (MERCAPTOPURINA 50MG),09.053.134/0002-26 - ELFA MEDICAMENTOS LTDA,"508,00"
25.000.1107547.2019,SECRETARIA DE ESTADO DA SAÚDE,08/08/2019,AQUISIÇÃO EMERGENCIAL DE MEDICAMENTO (DASATINIBE 100MG) ,56.998.982/0031-22 - BRISTOL-MYERS SQUIBB FARMACEUTICA LTDA,"50.243,40"
25.000.2207587.2019,SECRETARIA DE ESTADO DA SAÚDE,08/08/2019,FÓRMULA INFANTIL (APTAMIL PRO EXPERT PRE TRANSITION 400MG),Razão Social não encontrada,"5.931,00"
25.000.507537.2019,SECRETARIA DE ESTADO DA SAÚDE,08/08/2019,AQUISIÇÃO EMERGENCIAL DE MEDICAMENTO ,Razão Social não encontrada,"203.050,90"
25.206.000212.2019,SES/COMPLEXO DE SAÚDE ARLINDA MARQUES,08/08/2019,AQUISIÇÃO DE SORO,01.722.296/0001-17 - PANORAMA COMERCIO DE PRODUTOS MEDICOS E FARMACEUTICOS LTDA,"90.880,00"
25.000.2207585.2019,SECRETARIA DE ESTADO DA SAÚDE,09/08/2019,AQUISIÇÃO EMERGENCIAL DE MEDICAMENTO,07.484.373/0001-24 - UNI HOSPITALAR LTDA,"5.214,72"
25.000.1907529.2019,SECRETARIA DE ESTADO DA SAÚDE,12/08/2019,AQUISIÇÃO EMERGENCIAL DE MEDICAMENTO ,Razão Social não encontrada,"226,80"
25.000.1107549.2019,SECRETARIA DE ESTADO DA SAÚDE,13/08/2019,AQUISIÇÃO EMERGENCIAL DE MEDICAMENTO,04.307.650/0012-98 - ONCO PROD DISTRIBUIDORA DE PRODUTOS HOSPITALARES E ONCOLOGICOS LTDA,"742.590,00"
25.000.1907521.2019,SECRETARIA DE ESTADO DA SAÚDE,14/08/2019,AQUISIÇÃO EMERGENCIAL DE FÓRMULA INFANTIL,01.687.725/0002-43 - CENTRO ESPECIALIZADO EM NUTRICAO ENTERAL E PARENTERAL - CENEP LTDA,"8.424,60"
25.000.1907530.2019,SECRETARIA DE ESTADO DA SAÚDE,16/08/2019,AQUISIÇÃO EMERGENCIAL DE MEDICAMENTO,11.563.145/0001-17 - COMERCIAL MOSTAERT LIMITADA,"147.420,00"
25.000.2407604.2019,SECRETARIA DE ESTADO DA SAÚDE,16/08/2019,AQUISIÇÃO EMERGENCIAL DE MEDICAMENTO,18.459.628/0001-15 - BAYER SA,"408.900,00"
25.000.2407605.2019,SECRETARIA DE ESTADO DA SAÚDE,16/08/2019,AQUISIÇÃO EMERGENCIAL DE MEDICAMENTO (RANIBIZUMABE 10MG/ML SOLUÇÃO INJETÁVEL) ,56.994.502/0026-98 - NOVARTIS BIOCIÊNCIAS S.A.,"410.121,18"
25.000.1907532.2019,SECRETARIA DE ESTADO DA SAÚDE,19/08/2019,MEDICAMENTOS (ERITROPOIETINA HUMANA RECOMBINANTE 4.000UI E 10.000UI),Razão Social não encontrada,"31.500,76"
25.000.3007533.2019,SECRETARIA DE ESTADO DA SAÚDE,20/08/2019,AQUISIÇÃO EMERGENCIAL DE MEDICAMENTOS,11.563.145/0001-17 - COMERCIAL MOSTAERT LIMITADA,"8.928,00"
25.000.1907531.2019,SECRETARIA DE ESTADO DA SAÚDE,21/08/2019,EMERGENCIAL DE MEDICAMENTO (VEDOLIZUMABE 300MG),Razão Social não encontrada,"69.581,76"
25.000.2207586.2019,SECRETARIA DE ESTADO DA SAÚDE,21/08/2019,AQUISIÇÃO EMERGENCIAL DE MEDICAMENTO ,51.780.468/0002-68 - JANSSEN-CILAG FARMACEUTICA LTDA,"23.635,62"
25.000.2606599.2019,SECRETARIA DE ESTADO DA SAÚDE,21/08/2019,AQUISIÇÃO EMERGENCIAL DE MEDICAMENTO (OCTREOTIDA SAL ACETATO 30MG,Razão Social não encontrada,"30.877,32"
25.000.507531.2019,SECRETARIA DE ESTADO DA SAÚDE,21/08/2019,EMERGENCIAL DE MEDICAMENTO (DUPILUMABE 300MG),Razão Social não encontrada,"40.815,46"
25.000.1907520.2019,SECRETARIA DE ESTADO DA SAÚDE,22/08/2019,AQUISIÇÃO EMERGENCIAL DE MEDICAMENTO  ,11.563.145/0001-17 - COMERCIAL MOSTAERT LIMITADA,"91.147,35"
25.000.1206534.2019,SECRETARIA DE ESTADO DA SAÚDE,23/08/2019,CONTRATAÇÃO DA GRÁFICA A UNIÃO,09.366.790/0001-06 - EMPRESA PARAIBANA DE COMUNICAÇAO S.A -EPC,"2.800,00"
29.204.000242.2019,SECOM/EMPRESA PARAIBANA DE COMUNICAÇÃO S/A,23/08/2019,CONTRATAÇÃO DE EMPRESA PARA IMPLANTAÇÃO DE SISTEMA GESTÃO DE SAÚDE E SEGURANÇA,03.775.655/0001-20 - SESI SERVICO SOCIAL DA INDUSTRIA,"22.299,00"
25.000.1907518.2019,SECRETARIA DE ESTADO DA SAÚDE,26/08/2019,AQUISIÇÃO EMERGENCIAL DE MEDICAMENTO (GUSELCUMABE 100MG),51.780.468/0002-68 - JANSSEN-CILAG FARMACEUTICA LTDA,"26.865,48"
25.000.1907524.2019,SECRETARIA DE ESTADO DA SAÚDE,26/08/2019,AQUISIÇÃO EMERGENCIAL DE MEDICAMENTO,33.009.945/0002-04 - PRODUTOS ROCHE QUIMICOS E FARMACEUTICOS S.A,"88.283,00"
25.000.1508510.2019,SECRETARIA DE ESTADO DA SAÚDE,30/08/2019,AQUISIÇÃO EMERGENCIAL DE MEDICAMENTO (ERITROPOIETINA HUMANA RECOMBINANTE 4.000UI),09.053.134/0001-45 - ELFA MEDICAMENTOS S.A,"3.108,96"
20.000.126605.2019,SECRETARIA DE ESTADO DA FAZENDA,02/09/2019,AQUISIÇÃO DE SERVIÇO,10.791.791/0001-79 - VM ENGENHARIA EIRELI,"32.373,91"
25.000.2407599.2019,SECRETARIA DE ESTADO DA SAÚDE,04/09/2019,AQUISIÇÃO EMERGENCIAL DE SUPLEMENTO NUTRICIONAL (MOBILITY ) ,09.053.134/0001-45 - ELFA MEDICAMENTOS S.A,"673,32"
25.000.1508537.2019,SECRETARIA DE ESTADO DA SAÚDE,05/09/2019,AQUISIÇÃO EMERGENCIAL DE MEDICAMENTO,33.247.743/0044-50 - GLAXOSMITHKLINE BRASIL LTDA,"687,42"
25.000.2008556.2019,SECRETARIA DE ESTADO DA SAÚDE,05/09/2019,AQUISIÇÃO EMERGENCIAL DE MEDICAMENTO (MICOFENOLATO DE MOFETILA 500MG),64.171.697/0001-46 - ACCORD FARMACEUTICA LTDA,"3.384,00"
25.000.1007511.2019,SECRETARIA DE ESTADO DA SAÚDE,06/09/2019,MEDICAMENTO (ALOGLIPTINA 25MG),Razão Social não encontrada,"347,40"
25.000.507534.2019,SECRETARIA DE ESTADO DA SAÚDE,06/09/2019,AQUISIÇÃO EMERGENCIAL DE MEDICAMENTO (LIRAGLUTIDA 6MG/ML),09.053.134/0001-45 - ELFA MEDICAMENTOS S.A,"11.221,20"
25.000.1403528.2019,SECRETARIA DE ESTADO DA SAÚDE,09/09/2019,EXAME DE PCR QUATITATIVO EM TEMPO REAL PARA BCR - ABL (CONTROLE DE LMC - LEUCEMIA MIELÓIDE CRÔNICA),17.332.175/0001-07 - VIA DIAGNOSTICO LTDA,"5.454,04"
25.000.2103535.2019,SECRETARIA DE ESTADO DA SAÚDE,09/09/2019,"EXAMES (ANTITROMBINA, PROTEÍNA C DE COAGULAÇÃO, PROTEÍNA S DE COAGULAÇÃO, HOMOCISTEINA,  ",Razão Social não encontrada,"3.123,87"
25.000.507555.2019,SECRETARIA DE ESTADO DA SAÚDE,09/09/2019,CONTRATAÇÃO EMERGENCIAL DE EMPRESA,09.235.615/0001-71 - LABORATORIO PARAIBANO DE ANALISES CLINICAS LTDA - ME,"6.000,00"
25.000.102518.2019R1,SECRETARIA DE ESTADO DA SAÚDE,10/09/2019,CONTRATAÇÃO EMERGENCIAL DE EMPRESA PARA REALIZAÇÃO DOS EXAMES,Razão Social não encontrada,"7.723,05"
31.205.003631.2019,SECTMA/SUPERINTENDÊNCIA DE ADMINISTRAÇÃO DO MEIO AMBIENTE,11/09/2019,LOCAÇÃO DE IMÓVEL,023.273.254-04 - JORGE GONÇALVES CAVALCANTI DE ALBUQUERQUE,"35.280,00"
25.000.2904527.2019,SECRETARIA DE ESTADO DA SAÚDE,12/09/2019,AQUISIÇÃO EMERGENCIAL DE MEDICAMENTO (USTEQUINUMABE 90MG/ML),51.780.468/0002-68 - JANSSEN-CILAG FARMACEUTICA LTDA,"80.357,04"
25.000.1408588.2019,SECRETARIA DE ESTADO DA SAÚDE,16/09/2019,AQUISIÇÃO EMERGENCIAL DE CADEIRAS DE RODAS,Razão Social não encontrada,"3.148,00"
25.000.3007515.2019,SECRETARIA DE ESTADO DA SAÚDE,16/09/2019,CONT EMERG DE CLÍNICA P REAL DE 40 (QUARENTA) SESSÕES DE OXIGENOTERAPIA HIPERBÁRICA ,28.154.149/0001-44 - CLINICA MEDICA HIPERBARICA PARAIBA LTDA,"15.200,00"
25.000.1907533.2019,SECRETARIA DE ESTADO DA SAÚDE,17/09/2019,AQUISIÇÃO EMERGENCIAL DE MEDICAMENTO,81.887.838/0007-36 - PROFARMA SPECIALTY S/A,"153.320,50"
25.000.208513.2019,SECRETARIA DE ESTADO DA SAÚDE,17/09/2019,AQUISIÇÃO EMERGENCIAL DE CADEIRAS DE RODAS COM SISTEMA QUICK RELEASE,06.576.044/0001-40 - HOSPINET COM.E ASSISSTENCIA TECNICA LTDA - ME,"1.587,65"
25.000.3007535.2019,SECRETARIA DE ESTADO DA SAÚDE,17/09/2019,"AQUIS EMERG DE MATER MÉD(CURATIVOS,CONFEEL CREME DE BARRERIA,GIGADERME,AQUASEPT E PROSEPT GEL 100ML)",06.948.769/0001-12 - TECNOCENTER MAT.MEDICOS HOSPITALARES LTDA,"134.781,00"
25.000.3007537.2019,SECRETARIA DE ESTADO DA SAÚDE,17/09/2019,AQUISIÇÃO EMERGENCIAL DE MEDICAMENTO (VANDETANIB 300MG) ,Razão Social não encontrada,"98.751,60"
25.000.409584.2019,SECRETARIA DE ESTADO DA SAÚDE,17/09/2019,AQUISIÇÃO EMERGENCIAL DE FÓRMULA INFANTIL (MODULEN 400GR,01.687.725/0002-43 - CENTRO ESPECIALIZADO EM NUTRICAO ENTERAL E PARENTERAL - CENEP LTDA,"18.720,00"
25.000.1610568.2019,SECRETARIA DE ESTADO DA SAÚDE,18/09/2019,CONTRATAÇÃO EMERGENCIAL DE EMPRESA PARA REALIZAÇÃO DO EXAME ,17.332.175/0001-07 - VIA DIAGNOSTICO LTDA,"750,00"
25.000.2305552.2019,SECRETARIA DE ESTADO DA SAÚDE,18/09/2019,CONTRATAÇÃO EMERGENCIAL DE EMPRESA,17.332.175/0001-07 - VIA DIAGNOSTICO LTDA,"6.000,00"
25.000.2901620.2019,SECRETARIA DE ESTADO DA SAÚDE,18/09/2019,CONTRATAÇÃO EMERGENCIAL DE EMPRESA,17.332.175/0001-07 - VIA DIAGNOSTICO LTDA,"16.878,88"
25.000.1408515.2019,SECRETARIA DE ESTADO DA SAÚDE,19/09/2019,CLINICA PARA REALIZAÇÃO DE 40 (QUARENTA) SESSÕES DE OXIGENOTERAPIA HIPERBÁRICA ,Razão Social não encontrada,"15.200,00"
25.000.1508511.2019,SECRETARIA DE ESTADO DA SAÚDE,19/09/2019,MEDICAMENTO (PURODIOL CANABIDIOL 200G/ML),19.308.719/0001-12 - S & B DISTRIBUIDORA E IMPORTADORA DE MEDICAMENTOS LTDA - ME,"66.335,36"
25.000.208580.2019,SECRETARIA DE ESTADO DA SAÚDE,19/09/2019,MEDICAMENTO (BETA-GALSIDADE 350MG),09.053.134/0001-45 - ELFA MEDICAMENTOS S.A,"241.812,48"
25.000.2702620.2019,SECRETARIA DE ESTADO DA SAÚDE,19/09/2019,CONTRATAÇÃO EMERG DE EMPRESA PARA REALIZ DO EX TESTE DE SEQ COMP DO GENE CFTR,Razão Social não encontrada,"2.839,76"
25.000.3007534.2019,SECRETARIA DE ESTADO DA SAÚDE,19/09/2019,AQUISIÇÃO EMERGENCIAL DE MEDICAMENTO,51.780.468/0001-87 - JANSSEN-CILAG FARMACEUTICA LTDA,"18.197,64"
25.000.3007536.2019,SECRETARIA DE ESTADO DA SAÚDE,19/09/2019,AQUISIÇÃO EMERGENCIAL DE MEDICAMENTO ,Razão Social não encontrada,"43.333,64"
25.000.3110565.2019,SECRETARIA DE ESTADO DA SAÚDE,20/09/2019,"CONT EMERG DE EMP PARA REAL DO EXAME TESTE GENÉTICO PARA INVEST DAS ATAXIAS DOM 2, 3, 4, 7 E 10 ",Razão Social não encontrada,"7.088,14"
25.000.711519.2019,SECRETARIA DE ESTADO DA SAÚDE,20/09/2019,REALIZAÇÃO DE EXAMES (IMUNOFENOTIPAGEM DE LINFÓCITOS,17.332.175/0001-07 - VIA DIAGNÓSTICO LTDA,"2.728,74"
25.000.1508515.2019,SECRETARIA DE ESTADO DA SAÚDE,23/09/2019,AQUISIÇÃO EMERGENCIAL DE MEDICAMENTO (DUPILUMABE 150 MG) ,Razão Social não encontrada,"75.800,40"
25.000.208576.2019,SECRETARIA DE ESTADO DA SAÚDE,23/09/2019,AQUISIÇÃO EMERGENCIAL DE MEDICAMENTOS (DARATUMUMABE 400MG E LENALIDOMIDA 25MG),Razão Social não encontrada,"838.630,68"
30.000.124580.2019,ENCARGOS GERAIS DO ESTADO,23/09/2019,LOCAÇÃO DE IMÓVEL ECI SENADOR RUY CARNEIRO,09.140.351/0003-34 - ARQUIDIOCESE DA PARAIBA,"5.100,00"
25.000.1907528.2019,SECRETARIA DE ESTADO DA SAÚDE,24/09/2019,MEDICAMENTO (BRENTUXIMABE VEDOTINA 50MG),Razão Social não encontrada,"765.067,52"
25.000.208578.2019,SECRETARIA DE ESTADO DA SAÚDE,24/09/2019,AQUISIÇÃO EMERGENCIAL DE MEDICAMENTO ,Razão Social não encontrada,"53.060,40"
25.000.2207584.2019,SECRETARIA DE ESTADO DA SAÚDE,24/09/2019,AQUISIÇÃO EMERGENCIAL DE MEDICAMENTO (DUPILUMABE 150 MG),Razão Social não encontrada,"40.815,60"
20.000.138516.2019,SECRETARIA DE ESTADO DA FAZENDA,25/09/2019,CONTRATAÇÃO DE SERVIÇOS,33.738.765/0001-82 - JOALYSSON DE SOUZA MARINHO,"32.666,10"
25.000.2208533.2019,SECRETARIA DE ESTADO DA SAÚDE,25/09/2019,AQUISIÇÃO EMERGENCIAL DE MEDICAMENTO,09.053.134/0001-45 - ELFA MEDICAMENTOS S.A,"40.815,46"
25.000.3005508.2019,SECRETARIA DE ESTADO DA SAÚDE,25/09/2019,CONTRATAÇÃO EMERGENCIAL DE EMPRESA PARA REALIZAÇÃO DE EXAME (PAINEL DE DESENVOLVIMENTO NGS,17.332.175/0001-07 - VIA DIAGNÓSTICO LTDA,"7.387,36"
25.000.807581.2019,SECRETARIA DE ESTADO DA SAÚDE,25/09/2019,CONTRATAÇÃO EMERG DE EMPRESA P REALIZ DE EX (EXOMA - SEQUENCIAMENTO DE TODOS OS GENES),17.332.175/0001-07 - VIA DIAGNÓSTICO LTDA,"9.900,00"
25.000.1206612.2019,SECRETARIA DE ESTADO DA SAÚDE,26/09/2019,CONTRATAÇÃO EMERGENCIAL DE EMPRESA,09.235.615/0001-71 - LABORATORIO PARAIBANO DE ANALISES CLINICAS LTDA - ME,"12.859,89"
25.000.3005600.2019,SECRETARIA DE ESTADO DA SAÚDE,27/09/2019,REALIZAÇÃO DE EXAMES (SEQUENCIAMENTO PARA MIOPATIAS E DISTROFIAS MUSCULARES),Razão Social não encontrada,"20.718,76"
25.000.909600.2019,SECRETARIA DE ESTADO DA SAÚDE,27/09/2019,AQUISIÇÃO EMERGENCIAL DE FÓRMULA INFANTIL ,Razão Social não encontrada,"2.592,00"
25.000.909601.2019,SECRETARIA DE ESTADO DA SAÚDE,27/09/2019,AQUISIÇÃO EMERGENCIAL DE FÓRMULA INFANTIL,06.948.769/0001-12 - TECNOCENTER MAT.MEDICOS HOSPITALARES LTDA,"16.920,00"
25.000.909609.2019,SECRETARIA DE ESTADO DA SAÚDE,27/09/2019,"AQUISIÇÃO EMERGENCIAL DE MEDICAMENTO (DULAGLUTIDA 1,5 MG/0,5ML)",43.940.618/0001-44 - ELI LILLY DO BRASIL LTDA,"2.130,24"
31.205.005343.2019,SECTMA/SUPERINTENDÊNCIA DE ADMINISTRAÇÃO DO MEIO AMBIENTE,27/09/2019,LOCAÇÃO DE IMÓVEL,218.158.954-20 - MARIA INES DE ALCANTARA FERREIRA,"43.920,00"
25.000.609515.2019,SECRETARIA DE ESTADO DA SAÚDE,30/09/2019,AQUISIÇÃO EMERGENCIAL DE MEDICAMENTO,01.578.276/0001-14 - ASLI COMERCIAL EIRELI,"16.320,00"
25.000.909599.2019,SECRETARIA DE ESTADO DA SAÚDE,30/09/2019,FÓRMULA INFANTIL (INFATRINI 400MG),Razão Social não encontrada,"2.238,40"
25.000.909616.2019,SECRETARIA DE ESTADO DA SAÚDE,30/09/2019,SUPLEMENTO NUTRICIONAL (ISOSOIRCE 1.5),Razão Social não encontrada,"13.572,00"
25.000.909588.2019,SECRETARIA DE ESTADO DA SAÚDE,01/10/2019,MEDICAMENTO (DIMESILATO DE LISDEXANFETAMINA 70MG) ,Razão Social não encontrada,"1.834,56"
25.000.909598.2019,SECRETARIA DE ESTADO DA SAÚDE,01/10/2019,AQUISIÇÃO EMERGENCIAL DE MEDICAMENTO,06.081.203/0001-36 - HOSP-LOG COMERCIO DE PRODUTOS HOPITALARES LTDA,"7.668,00"
19.000.365242.2019,SECRETARIA DE ESTADO DA ADMINISTRAÇÃO,02/10/2019,AQUISIÇÃO DE EQUIPAMENTOS ELETRÔNICOS - CÂMERAS E MICROFONES,10.851.738/0001-16 - ELETRIZANDO COMERCIO DE MATERIAIS ELETRO E ELETRONICOS LTDA,"4.099,56"
25.000.1109546.2019,SECRETARIA DE ESTADO DA SAÚDE,02/10/2019,CONTRAT EMERG DE CLÍNICA PARA REALIZAÇÃO DE 30(TRINTA) SESSÕES DE OXIGENOTERAPIA HIPERBÁRICA ,28.154.149/0001-44 - CLINICA MEDICA HIPERBARICA PARAIBA LTDA,"11.400,00"
25.000.1309518.2019,SECRETARIA DE ESTADO DA SAÚDE,02/10/2019,MEDICAMENTO (SUCCINATO DESVENLAFAXINA MONOIDRATADO 100MG),Razão Social não encontrada,"1.195,20"
25.000.909597.2019,SECRETARIA DE ESTADO DA SAÚDE,02/10/2019,AQUIS EMERG DE MED(INSULINA ASPARTE ASSOCIADA À ASPARTE PROTAMINA 30% + 70% 100UI/ML),Razão Social não encontrada,"848,00"
30.000.289457.2019,ENCARGOS GERAIS DO ESTADO,02/10/2019,LOCAÇÃO DE IMÓVEL SHOPPING MANAIRA,04.067.463/0001-21 - PORTAL ADMNISTRADORA DE BENS LTDA,"1.484.400,00"
25.000.609516.2019,SECRETARIA DE ESTADO DA SAÚDE,03/10/2019,AQUISIÇÃO EMERGENCIAL DE MEDICAMENTO,07.484.373/0001-24 - UNI HOSPITALAR LTDA,"13.200,00"
25.000.909602.2019,SECRETARIA DE ESTADO DA SAÚDE,03/10/2019,AQUISIÇÃO EMERGENCIAL DE FÓRMULAS NUTRICIONAIS (FRESUBIN 1.2 FIBRE 1000ML E NOVASOURCE GC 1000ML),09.074.443/0002-82 - MSA COMERCIO DE PRODUTOS MEDICOS E HOSPITALARES LTDA - EPP,"6.796,80"
25.000.1508539.2019,SECRETARIA DE ESTADO DA SAÚDE,04/10/2019,AQUISIÇÃO EMERGENCIAL DE MATERIAIS MÉDICOS ,12.600.168/0001-17 - MOLNLYCKE HEALTH CARE VENDA DE PRODUTOS MEDICOS LTDA,"407.800,20"
25.000.208577.2019,SECRETARIA DE ESTADO DA SAÚDE,04/10/2019,AQUISIÇÃO EMERGENCIAL DE MEDICAMENTO (OCRELIZUMABE 300MG) ,33.009.945/0002-04 - PRODUTOS ROCHE QUIMICOS E FARMACEUTICOS S.A,"98.327,44"
25.000.609517.2019,SECRETARIA DE ESTADO DA SAÚDE,04/10/2019,AQUISIÇÃO EMERGENCIAL DE MEDICAMENTO,07.484.373/0001-24 - UNI HOSPITALAR LTDA,"8.680,00"
25.000.909596.2019,SECRETARIA DE ESTADO DA SAÚDE,04/10/2019,AQUISIÇÃO EMERGENCIAL DE MEDICAMENTO,33.009.945/0002-04 - PRODUTOS ROCHE QUIMICOS E FARMACEUTICOS S.A,"98.327,44"
25.000.1309516.2019,SECRETARIA DE ESTADO DA SAÚDE,07/10/2019,AQUISIÇÃO EMERGENCIAL DE MEDICAMENTO (LEVETIRACETAM 100MG/ML) ,Razão Social não encontrada,"3.411,36"
25.000.208579.2019,SECRETARIA DE ESTADO DA SAÚDE,07/10/2019,AQUISIÇÃO DE MEDICAMENTO ,Razão Social não encontrada,"179.191,34"
25.000.2208531.2019,SECRETARIA DE ESTADO DA SAÚDE,07/10/2019,AQUISIÇÃO EMERGENCIAL DE MEDICAMENTO (INFLIXIMABE 100MG) ,11.563.145/0001-17 - COMERCIAL MOSTAERT LTDA,"82.105,38"
25.000.609520.2019,SECRETARIA DE ESTADO DA SAÚDE,07/10/2019,AQUISIÇÃO EMERGENCIAL DE MEDICAMENTO (BOSENTANA 125 MG),51.780.468/0002-68 - JANSSEN-CILAG FARMACEUTICA LTDA,"21.721,80"
25.000.909606.2019,SECRETARIA DE ESTADO DA SAÚDE,07/10/2019,AQUISIÇÃO EMERGENCIAL DE MEDICAMENTO ,Razão Social não encontrada,"176.566,00"
25.000.909607.2019,SECRETARIA DE ESTADO DA SAÚDE,07/10/2019,AQUISIÇÃO EMERGENCIAL DE MEDICAMENTOS (BENDAMUSTINA 100MG E OBINUTUZUMABE 100MG/40ML),33.009.945/0002-04 - PRODUTOS ROCHE QUIMICOS E FARMACEUTICOS S.A,"179.813,12"
29.204.000367.2019,SECOM/EMPRESA PARAIBANA DE COMUNICAÇÃO S/A,07/10/2019,CONTRATAÇÃO DE EMPRESA  DE HOSPEDAGEM DE SISTEMA ,09.189.499/0001-00 - COMPANHIA DE PROC.DE DADOS DA PARAIBA - CODATA,"25.710,24"
25.000.2208574.2019,SECRETARIA DE ESTADO DA SAÚDE,08/10/2019,AQUISIÇÃO EMERGENCIAL DE MEDICAMENTOS ,08.041.748/0001-44 - ONCO IMPORT ASSESSORIA E CONSULTORIA EIRELI,"686.092,80"
25.000.1907526.2019,SECRETARIA DE ESTADO DA SAÚDE,09/10/2019,AQUISIÇÃO EMERGENCIAL DE MEDICAMENTO,81.887.838/0007-36 - PROFARMA SPECIALTY S/A,"33.697,86"
25.000.1908581.2019,SECRETARIA DE ESTADO DA SAÚDE,09/10/2019,CONTRATAÇÃO EMERGENCIAL DE CLÍNICA ,31.132.859/0001-88 - CLINICA MEDICA HIPERBARICA JOAO PESSOA LTDA,"22.800,00"
25.000.409577.2019,SECRETARIA DE ESTADO DA SAÚDE,09/10/2019,AQUISIÇÃO EMERGENCIAL DE MEDICAMENTO  ,33.009.945/0002-04 - PRODUTOS ROCHE QUIMICOS E FARMACEUTICOS S.A,"264.849,00"
25.000.609514.2019,SECRETARIA DE ESTADO DA SAÚDE,09/10/2019,MEDICAMENTO (PANCREATINA 10.000 UI E 25.000 UI),56.998.701/0033-01 - ABBOTT LABORATÓRIOS DO BRASIL LTDA,"43.229,10"
25.000.909594.2019,SECRETARIA DE ESTADO DA SAÚDE,10/10/2019,"MEDICAMENTO (USTEQUINUMABE 45MG/0,5ML)",Razão Social não encontrada,"60.267,78"
25.202.004232.2019,SES/AGÊNCIA ESTADUAL DE VIGILÂNCIA SANITÁRIA,10/10/2019,VEICULAÇÃO PROGRAMETE SEMANAL,09.366.790/0001-06 - EMPRESA PARAIBANA DE COMUNICAÇAO S.A -EPC,"2.000,00"
25.000.909603.2019,SECRETARIA DE ESTADO DA SAÚDE,11/10/2019,MEDICAMENTO (OMALIZUMABE 150MG) ,Razão Social não encontrada,"132.117,18"
25.000.1909581.2019,SECRETARIA DE ESTADO DA SAÚDE,14/10/2019,"MEDICAMENTO (ENOXAPARINA 40MG/0,4ML)",09.053.134/0001-45 - ELFA MEDICAMENTOS S.A,"20.359,50"
25.000.1909574.2019,SECRETARIA DE ESTADO DA SAÚDE,15/10/2019,AQUISIÇÃO EMERGENCIAL DE FÓRMULA INFANTIL ,06.948.769/0001-12 - TECNOCENTER MAT.MEDICOS HOSPITALARES LTDA,"22.230,00"
25.000.1909578.2019,SECRETARIA DE ESTADO DA SAÚDE,15/10/2019,AQUISIÇÃO EMERGENCIAL DE MEDICAMENTO (PIRFENIDONA 267 MG),Razão Social não encontrada,"48.243,60"
25.000.909615.2019,SECRETARIA DE ESTADO DA SAÚDE,15/10/2019,AQUISIÇÃO EMERGENCIAL DE MEDICAMENTO (FOSFATO DE RUXOLITINIBE 20MG) ,Razão Social não encontrada,"120.420,00"
25.000.1909585.2019,SECRETARIA DE ESTADO DA SAÚDE,16/10/2019,AQUISIÇÃO EMERGENCIAL DE MEDICAMENTO (DARATUMABE 400 MG),51.780.468/0002-68 - JANSSEN-CILAG FARMACEUTICA LTDA,"229.702,40"
25.000.909587.2019,SECRETARIA DE ESTADO DA SAÚDE,16/10/2019,AQUISIÇÃO EMERGENCIAL DE MEDICAMENTO,09.053.134/0001-45 - ELFA MEDICAMENTOS S.A,"910,80"
25.000.410514.2019,SECRETARIA DE ESTADO DA SAÚDE,17/10/2019,MEDICAMENTO (OXCARBAZEPINA 300MG E 600MG),09.053.134/0001-45 - ELFA MEDICAMENTOS S.A,"4.824,00"
25.000.909589.2019,SECRETARIA DE ESTADO DA SAÚDE,17/10/2019,AQUISIÇÃO EMERGENCIAL DE MEDICAMENTO ,11.563.145/0001-17 - COMERCIAL MOSTAERT LTDA,"237,60"
24.000.006795.2019,SECRETARIA DE ESTADO DA ADMINISTRAÇÃO PENITENCIÁRIA,18/10/2019,VIDEOMONITORAMENTO,"24.554.773/0001-88 - MANASEG SERVICOS, COM. E MONIT. DE SEGURÂNCA ELETRÔNICA LTDA - EPP","51.721,12"
25.000.1309514.2019,SECRETARIA DE ESTADO DA SAÚDE,18/10/2019,AQUISIÇÃO EMERGENCIAL DE MEDICAMENTOS (PREGABALINA 75 MG E 150 MG),11.563.145/0001-17 - COMERCIAL MOSTAERT LTDA,"11.971,96"
25.000.1909573.2019,SECRETARIA DE ESTADO DA SAÚDE,18/10/2019,AQUISIÇÃO EMERGENCIAL DE MEDICAMENTOS ,44.734.671/0001-51 - CRISTÁLIA PRODUTOS QUÍMICOS E FARMACEUTICOS LTDA,"934,20"
25.000.410516.2019,SECRETARIA DE ESTADO DA SAÚDE,21/10/2019,AQUISIÇÃO EMERGENCIAL DE CREME DE BARREIRA 60ML ,06.948.769/0001-12 - TECNOCENTER MAT.MEDICOS HOSPITALARES LTDA,"1.437,60"
25.000.1909582.2019,SECRETARIA DE ESTADO DA SAÚDE,23/10/2019,EMERGENCIAL DE MEDICAMENTO (LACOSAMIDA 150MG),09.053.134/0001-45 - ELFA MEDICAMENTOS S.A,"2.741,76"
25.000.2009608.2019,SECRETARIA DE ESTADO DA SAÚDE,23/10/2019,EMERGENCIAL DE MEDICAMENTO (SECUQUINUMABE 150MG) ,56.994.502/0026-98 - NOVARTIS BIOCIÊNCIAS S.A.,"32.227,32"
25.000.310570.2019,SECRETARIA DE ESTADO DA SAÚDE,23/10/2019,AQUISIÇÃO EMERGENCIAL DE PAPEL A4 A FIM DE ATENDER A SECRETARIA DE ESTADO DA SAÚDE,24.116.337/0001-27 - PAPELARIA E LIVRARIA PEDRO II LTDA - EPP,"70.000,00"
25.000.410512.2019,SECRETARIA DE ESTADO DA SAÚDE,23/10/2019,AQUISIÇÃO EMERGENCIAL DE FÓRMULA INFANTIL (NEO ADVANCE 400G),06.948.769/0001-12 - TECNOCENTER MAT.MEDICOS HOSPITALARES LTDA,"23.136,00"
25.000.410522.2019,SECRETARIA DE ESTADO DA SAÚDE,23/10/2019,AQUISIÇÃO EMERGENCIAL DE FÓRMULA INFANTIL (FORTINI 400G),Razão Social não encontrada,"6.912,00"
25.000.410523.2019,SECRETARIA DE ESTADO DA SAÚDE,23/10/2019,AQUISIÇÃO EMERGENCIAL DE FÓRMULA INFANTIL (NEOCATE LCP 400G) ,06.948.769/0001-12 - TECNOCENTER MAT.MEDICOS HOSPITALARES LTDA,"21.150,00"
29.204.000432.2019,SECOM/EMPRESA PARAIBANA DE COMUNICAÇÃO S/A,23/10/2019,CONTRATAÇÃO DE EMPRESA   ESPECIALIZADA PARA SERVIÇO DE COLOCAÇÃO DE ESPIRAL.,03.242.250/0001-26 - EDITORA GRAFSET LTDA,"22.450,56"
25.000.1909575.2019,SECRETARIA DE ESTADO DA SAÚDE,24/10/2019,AQUISIÇÃO EMERGENCIAL DE MEDICAMENTO,11.563.145/0001-17 - COMERCIAL MOSTAERT LTDA,"117.189,45"
25.000.1909540.2019,SECRETARIA DE ESTADO DA SAÚDE,25/10/2019,CONTR EMERG DE CLÍNICA PARA REAL DE 50 (CINQUENTA) SESSÕES DE OXIGENOTERAPIA HIPERBÁRICA,Razão Social não encontrada,"19.000,00"
25.000.2009611.2019,SECRETARIA DE ESTADO DA SAÚDE,25/10/2019,AQUISIÇÃO EMERGENCIAL DE MEDICAMENTO ,56.994.502/0026-98 - NOVARTIS BIOCIÊNCIAS S.A.,"121.954,32"
25.000.310513.2019,SECRETARIA DE ESTADO DA SAÚDE,25/10/2019,AQUISIÇÃO EMERGENCIAL DE MEDICAMENTO (SACARATO DE HIDRÓXIDO FÉRRICO 100 MG) ,11.563.145/0001-17 - COMERCIAL MOSTAERT LTDA,"73.040,00"
25.000.3105533.2019,SECRETARIA DE ESTADO DA SAÚDE,29/10/2019,CONTRATAÇÃO EMERGENCIAL DE EMPRESA,05.238.398/0001-12 - NORDESTE SERVIÇOS MÉDICOS LTDA,"270.000,00"
25.229.000258.2019,SES/HOSPITAL REGIONAL WENCESLAU LOPES - PIANCO,29/10/2019,CONTRATAÇÃO DE EMPRESA PARA REALIZAÇÃO DE SERVIÇOS DE ENGENHARIA COM ADEQUAÇÕES E RECUPERAÇÃO FÍSICA,12.889.340/0001-02 - CONSTRUTORA SOARES LTDA,"324.729,45"
25.000.1010520.2019,SECRETARIA DE ESTADO DA SAÚDE,30/10/2019,EMERGENCIAL DE MEDICAMENTO ( HEMIFUMARATO DE QUETIAPINA 25MG E 100MG),Razão Social não encontrada,"759,60"
25.000.1410555.2019,SECRETARIA DE ESTADO DA SAÚDE,30/10/2019,AQUISIÇÃO EMERGENCIAL DE MEDICAMENTO (EMPAGLIFLOZINA 25MG),Razão Social não encontrada,"1.702,80"
25.000.1010516.2019,SECRETARIA DE ESTADO DA SAÚDE,01/11/2019,AQUISIÇÃO EMERGENCIAL DE SUPLEMENTO,Razão Social não encontrada,"5.220,00"
25.000.1010522.2019,SECRETARIA DE ESTADO DA SAÚDE,01/11/2019,AQUISIÇÃO EMERGENCIAL DE FÓRMULA NUTRICIONAL (FORTINI 400MG),06.948.769/0001-12 - TECNOCENTER MAT.MEDICOS HOSPITALARES LTDA,"6.480,00"
25.000.410515.2019,SECRETARIA DE ESTADO DA SAÚDE,01/11/2019,AQUISIÇÃO EMERGENCIAL DE MEDICAMENTO (HEMIFUMARATO DE QUETIAPINA 50 MG),Razão Social não encontrada,"1.139,40"
25.000.1309512.2019,SECRETARIA DE ESTADO DA SAÚDE,04/11/2019,EMERGENCIAL DE MEDICAMENTO (LEUPROPRELINA ACETATO 22.5MG),09.053.134/0001-45 - ELFA MEDICAMENTOS S.A,"9.616,72"
25.000.410521.2019,SECRETARIA DE ESTADO DA SAÚDE,04/11/2019,AQUISIÇÃO EMERGENCIAL DE FÓRMULAS NUTRICIONAIS ,16.925.732/0001-22 - COMERCIO VAREJISTA DE PRODUTOS NUTRICIONAIS E CUIDADOS MEDICOS HOSPITALARES LTDA,"3.960,00"
25.000.1410567.2019,SECRETARIA DE ESTADO DA SAÚDE,05/11/2019,"MEDICAMENTO (LEUPROPRELINA 11,25MG)",15.800.545/0003-11 - ABBVIE FARMACEUTICA LTDA,"7.359,66"
25.000.2203562.2019,SECRETARIA DE ESTADO DA SAÚDE,05/11/2019,AQUISIÇÃO EMERGENCIAL DE MATERIAIS MÉDICOS (ACCU-CHEK PACOTE DE SERVIÇO...,05.329.222/0001-76 - SELLENE COMERCIO E REPRESENTACOES LTDA,"78.694,00"
26.201.007291.2019,SEDS/DEPARTAMENTO ESTADUAL DE TRÂNSITO,05/11/2019,"CONTRATAÇÃO DE EMISSORA DE RÁDIO PARA PRESTAÇÃO DE SERVIÇOS DE RADIODIFUSÃO, NAS FREQUÊNCIAS AM E FM",09.366.790/0001-06 - EMPRESA PARAIBANA DE COMUNICAÇAO S.A -EPC,"312.000,00"
25.000.2307578.2019,SECRETARIA DE ESTADO DA SAÚDE,06/11/2019,AQUISIÇÃO EMERGENCIAL DE PRÓTESE,10.852.945/0001-95 - SCD IND.E COM.DE APAR.ORTOPEDICOS LTDA-EPP,"5.300,00"
25.000.410518.2019,SECRETARIA DE ESTADO DA SAÚDE,06/11/2019,AQUISIÇÃO EMERGENCIAL DE FÓRMULAS NUTRICIONAIS (THOPIC INFANT PÓ 280G E FORTINI 400G),06.948.769/0001-12 - TECNOCENTER MAT.MEDICOS HOSPITALARES LTDA,"16.818,00"
25.000.909592.2019,SECRETARIA DE ESTADO DA SAÚDE,07/11/2019,AQUISIÇÃO EMERGENCIAL DE MEDICAMENTO,07.484.373/0001-24 - UNI HOSPITALAR LTDA,"1.666,80"
25.000.410511.2019,SECRETARIA DE ESTADO DA SAÚDE,08/11/2019,AQUISIÇÃO EMERGENCIAL DE MEDICAMENTO (DICLORIDRATO DE TRIMETAZIDINA 35 MG) ,08.958.628/0001-06 - ONCOEXO DISTRIBUIDORA DE MEDICAMENTOS LTDA,"1.533,60"
25.000.706557.2019,SECRETARIA DE ESTADO DA SAÚDE,11/11/2019,AQUISIÇÃO EMERGENCIAL DE MEDICAMENTO (DIACEREÍNA 50MG),Razão Social não encontrada,"3.726,00"
25.000.410510.2019,SECRETARIA DE ESTADO DA SAÚDE,12/11/2019,AQUISIÇÃO EMERGENCIAL DE MEDICAMENTO,56.994.502/0027-79 - NOVARTIS BIOCIENCIAS SA,"440.810,52"
25.000.909559.2019,SECRETARIA DE ESTADO DA SAÚDE,12/11/2019,AQUISIÇÃO EMERGENCIAL DE MEDICAMENTOS,11.563.145/0001-17 - COMERCIAL MOSTAERT LTDA,"639.026,00"
25.000.1909572.2019,SECRETARIA DE ESTADO DA SAÚDE,13/11/2019,"AQUISIÇÃO EMERG DE MED (DIVALPROATO DE SÓDIO 500MG, DIVALPROATO DE SÓDIO 125MG",07.484.373/0001-24 - UNI HOSPITALAR LTDA,"3.262,32"
25.000.1709512.2019,SECRETARIA DE ESTADO DA SAÚDE,14/11/2019,AQUISIÇÃO EMERGENCIAL DE SENSOR E AGULHAS DE INSULINA,56.998.701/0033-01 - ABBOTT LABORATÓRIOS DO BRASIL LTDA,"3.071,40"
25.000.909604.2019,SECRETARIA DE ESTADO DA SAÚDE,14/11/2019,"AQUISIÇÃO EMERGENCIAL DE MEDICAMENTO (LIRAGLUTIDA 6,0 MG/ML)",Razão Social não encontrada,"56.106,00"
25.000.1410554.2019,SECRETARIA DE ESTADO DA SAÚDE,18/11/2019,EMERGENCIAL DE MEDICAMENTO (GLICOSAMINA 500MG + 400MG),09.053.134/0002-26 - ELFA MEDICAMENTOS S.A,"594,00"
25.000.1909586.2019,SECRETARIA DE ESTADO DA SAÚDE,18/11/2019,EMERGENCIAL DE MEDICAMENTO (SULFATO DE GLICOSAMINA 1500MG + SULFATO DE CONDROITINA 1200MG),07.484.373/0001-24 - UNI HOSPITALAR LTDA,"599,40"
25.000.2009601.2019,SECRETARIA DE ESTADO DA SAÚDE,18/11/2019,EMERGENCIAL DE MEDICAMENTOS (AMBRISENTANA 10MG E 5MG),09.053.134/0001-45 - ELFA MEDICAMENTOS S.A,"40.344,00"
25.000.2910508.2019,SECRETARIA DE ESTADO DA SAÚDE,18/11/2019,AQUISIÇÃO EMERGENCIAL DE MEDICAMENTO (ANASTROZOL 1MG),11.563.145/0001-17 - COMERCIAL MOSTAERT LTDA,"950,40"
25.000.2910511.2019,SECRETARIA DE ESTADO DA SAÚDE,18/11/2019,"AQUISIÇÃO EMERGENCIAL DE MEDICAMENTO (DULAGLUTIDA 1,5MG/0,5ML) ",Razão Social não encontrada,"2.130,24"
25.000.410520.2019,SECRETARIA DE ESTADO DA SAÚDE,18/11/2019,EMERGENCIAL DE MEDICAMENTO (RIVAROXABANA 10MG) ,Razão Social não encontrada,"25.099,20"
25.000.1410556.2019,SECRETARIA DE ESTADO DA SAÚDE,19/11/2019,AQUISIÇÃO EMERGENCIAL DE MEDICAMENTO,11.563.145/0001-17 - COMERCIAL MOSTAERT LTDA,"5.280,00"
25.000.2510718.2019,SECRETARIA DE ESTADO DA SAÚDE,19/11/2019,AQUISIÇÃO EMERGENCIAL DE MEDICAMENTO ,11.563.145/0001-17 - COMERCIAL MOSTAERT LTDA,"15.937,20"
25.000.609518.2019,SECRETARIA DE ESTADO DA SAÚDE,19/11/2019,AQUISIÇÃO EMERGENCIAL DE MEDICAMENTOS (ACITRETINA 10MG E 25MG) ,11.563.145/0001-17 - COMERCIAL MOSTAERT LTDA,"113.010,00"
30.000.331984.2019,ENCARGOS GERAIS DO ESTADO,20/11/2019,LOCAÇÃO DE IMÓVEL OUVIDORIA GERAL DO ESTADO,08.566.846/0001-03 - CONSTRUTORA HEMA LTDA,"26.304,00"
30.000.075139.2019R1,ENCARGOS GERAIS DO ESTADO,21/11/2019,LOCAÇÃO DE IMÓVEL EEEFM PROFESSOR MANOEL MANGUEIRA LIMA,839.413.634-68 - DARLOZA FERREIRA BRAGA,"29.268,24"
25.000.3110619.2019,SECRETARIA DE ESTADO DA SAÚDE,22/11/2019,EMERGENCIAL DE GÊNEROS ALIMENTÍCIOS ,07.227.808/0001-55 - B.J. COMERCIO DE ALIMENTOS LTDA,"19.165,00"
31.205.006128.2019,SECTMA/SUPERINTENDÊNCIA DE ADMINISTRAÇÃO DO MEIO AMBIENTE,22/11/2019,LOCAÇÃO DE IMÓVEL - PATOS/PB,768.815.554-15 - MARCIA CRISTINA BARBOSA DUTRA ONIAS ALVES,"26.316,96"
25.000.2910506.2019,SECRETARIA DE ESTADO DA SAÚDE,25/11/2019,AQUISIÇÃO EMERGENCIAL DE MEDICAMENTO,12.499.494/0002-60 - HOSPINOVA DISTRIBUIDORA DE PRODUTOS HOSPITALARES LTDA.,"498.975,50"
25.000.1909577.2019,SECRETARIA DE ESTADO DA SAÚDE,26/11/2019,AQUISIÇÃO EMERGENCIAL DE MEDICAMENTO (ACETATO DE OCTREOTIDA 30MG) ,09.053.134/0001-45 - ELFA MEDICAMENTOS S.A,"32.214,30"
25.000.2910515.2019,SECRETARIA DE ESTADO DA SAÚDE,26/11/2019,AQUISIÇÃO EMERGENCIAL DE MEDICAMENTO,09.053.134/0001-45 - ELFA MEDICAMENTOS S.A,"1.869.120,00"
25.000.1010521.2019,SECRETARIA DE ESTADO DA SAÚDE,27/11/2019,AQUISIÇÃO EMERGENCIAL DE MEDICAMENTO (OCRELIZUMABE 30MG/ML) ,Razão Social não encontrada,"196.654,88"
25.000.1111594.2019,SECRETARIA DE ESTADO DA SAÚDE,27/11/2019,AQUISIÇÃO EMERGENCIAL DE MATERIAL MÉDICO,06.948.769/0001-12 - TECNOCENTER MAT.MEDICOS HOSPITALARES LTDA,"12.600,00"
25.000.2910514.2019,SECRETARIA DE ESTADO DA SAÚDE,27/11/2019,EMERGENCIAL DE MEDICAMENTO (TERIPARATIDA 250MCG/ML) ,09.053.134/0001-45 - ELFA MEDICAMENTOS S.A,"3.140.640,00"
25.000.1411648.2019,SECRETARIA DE ESTADO DA SAÚDE,28/11/2019,AQUISIÇÃO EMERGENCIAL DE MEDICAMENTO ,64.171.697/0001-46 - ACCORD FARMACEUTICA LTDA,"8.100,00"
25.000.310543.2019,SECRETARIA DE ESTADO DA SAÚDE,28/11/2019, EMERGENCIAL DE CADEIRA DE RODAS,10.852.945/0001-95 - SCD IND.E COM.DE APAR.ORTOPEDICOS LTDA-EPP,"3.096,00"
25.000.1909571.2019,SECRETARIA DE ESTADO DA SAÚDE,29/11/2019,AQUISIÇÃO EMERGENCIAL DE MEDICAMENTOS (INSULINAS DIVERSAS),06.081.203/0001-36 - HOSP-LOG COMERCIO DE PRODUTOS HOPITALARES LTDA,"21.505,56"
25.000.2111540.2019,SECRETARIA DE ESTADO DA SAÚDE,29/11/2019,AQUISIÇÃO EMERGENCIAL DE FÓRMULA INFANTIL,06.948.769/0001-12 - TECNOCENTER MAT.MEDICOS HOSPITALARES LTDA,"4.380,00"
25.000.3010602.2019,SECRETARIA DE ESTADO DA SAÚDE,29/11/2019,AQUISIÇÃO EMERGENCIAL DE MEDICAMENTO ,09.053.134/0001-45 - ELFA MEDICAMENTOS S.A,"9.992,64"
25.000.1111592.2019,SECRETARIA DE ESTADO DA SAÚDE,02/12/2019,AQUISIÇÃO EMERGENCIAL DE MATERIAL MÉDICO (BOLSA DE UROSTOMIA),06.948.769/0001-12 - TECNOCENTER MAT.MEDICOS HOSPITALARES LTDA,"5.850,00"
25.000.2510504.2019,SECRETARIA DE ESTADO DA SAÚDE,02/12/2019,CONTRATAÇÃO EMERGENCIAL DE CLÍNICA ,28.154.149/0001-44 - CLINICA MEDICA HIPERBARICA PARAIBA LTDA,"15.200,00"
25.000.3010593.2019,SECRETARIA DE ESTADO DA SAÚDE,02/12/2019,AQUISIÇÃO EMERGENCIAL DE MEDICAMENTO ,Razão Social não encontrada,"1.846,40"
25.000.1010517.2019,SECRETARIA DE ESTADO DA SAÚDE,03/12/2019,AQUISIÇÃO EMERGENCIAL DE MEDICAMENTO,09.053.134/0001-45 - ELFA MEDICAMENTOS S.A,"57.984,85"
25.000.1111591.2019,SECRETARIA DE ESTADO DA SAÚDE,04/12/2019,"AQUISIÇÃO EMERGENCIAL DE MEDICAMENTO (ACETATO DE GOSSERRELINA 10,8MG)",60.318.797/0001-00 - ASTRAZENECA DO BRASIL LTDA,"12.249,70"
25.000.1610511.2019,SECRETARIA DE ESTADO DA SAÚDE,04/12/2019,AQUISIÇÃO EMERGENCIAL DE CONCENTRADOR DE OXIGÊNIO,27.767.709/0001-73 - LDG4 COMERCIO ELETRONICO DE EQUIPAMENTOS MEDICOS LTDA,"3.620,91"
25.000.2910510.2019,SECRETARIA DE ESTADO DA SAÚDE,04/12/2019,AQUISIÇÃO EMERGENCIAL DE MEDICAMENTO,09.053.134/0001-45 - ELFA MEDICAMENTOS S.A,"46.387,88"
31.207.296270.2019,SECTMA/FUNDAÇÃO DE APOIO À PESQUISA DO ESTADO DA PARAÍBA,04/12/2019,PRESTAÇÃO DE SERVIÇO  DE TERCEIROS - CONTRATAÇÃO DE EMPRESA PARA REALIZAR SERVIÇO DE ANÁLISE.,08.846.230/0001-88 - ASSOC. TECNICO CIENTIF. ERNESTO LUIZ DE O.JUNIOR,"216.160,00"
25.000.1010573.2019,SECRETARIA DE ESTADO DA SAÚDE,05/12/2019,AQUISIÇÃO EMERGENCIAL DE FÓRMULA NUTRICIONAL ,Razão Social não encontrada,"21.690,00"
25.000.411562.2019,SECRETARIA DE ESTADO DA SAÚDE,05/12/2019,AQUISIÇÃO EMERGENCIAL DE CADEIRA ESPECIAL,10.852.945/0001-95 - SCD IND.E COM.DE APAR.ORTOPEDICOS LTDA-EPP,"1.750,00"
31.205.006574.2019,SECTMA/SUPERINTENDÊNCIA DE ADMINISTRAÇÃO DO MEIO AMBIENTE,05/12/2019,LOCAÇÃO DE IMÓVEL - CAMPINA GRANDE/PB,873.898.864-04 - VLADIMIR JOSÉ NOBRE DE CARVALHO,"38.400,00"
25.000.3010591.2019,SECRETARIA DE ESTADO DA SAÚDE,09/12/2019,AQUISIÇÃO EMERGENCIAL DE MEDICAMENTO (OMISERTINIBE 80MG) A FIM DE ATENDER DEMANDA JUDICIAL,Razão Social não encontrada,"146.829,60"
30.000.266996.2019,ENCARGOS GERAIS DO ESTADO,09/12/2019,LOCAÇÃO DE IMÓVEL CASA DA CIDADANIA MONTEIRO,160.165.214-34 - WALMIR AZEVEDO PEREIRA,"14.400,00"
09.202.000341.2019,CCG/AGÊNCIA DE REGULAÇÃO DO ESTADO DA PARAÍBA,10/12/2019,CONTRATO DE EMPRESA PARA PRESTAÇÃO DE SERVIÇOS DE TECNOLOGIA DE INFORMAÇÃO E COMUNICAÇÃO.,09.189.499/0001-00 - COMPANHIA DE PROC.DE DADOS DA PARAIBA - CODATA,"27.110,28"
21.901.000340.2019,SETDE/FUNDO ESTADUAL DE APOIO AO EMPREENDEDORISMO - EMPREENDER PB,10/12/2019,SERVIÇO DE ADMINISTRAÇÃO DE PROGRAMA DE ESTAGIO,08.706.467/0001-63 - NUCLEO REGIONALDO  INSTITUTO EUVALDO LODI- PB,"510.678,00"
25.000.411616.2019,SECRETARIA DE ESTADO DA SAÚDE,10/12/2019,AQUISIÇÃO EMERGENCIAL DE CADEIRA DE RODAS ,10.852.945/0001-95 - SCD IND.E COM.DE APAR.ORTOPEDICOS LTDA-EPP,"3.680,00"
25.000.1010523.2019,SECRETARIA DE ESTADO DA SAÚDE,11/12/2019,AQUISIÇÃO EMERGENCIAL DE MEDICAMENTO (USTEQUINUMABE 90MG/ML),Razão Social não encontrada,"120.535,38"
25.000.1010575.2019,SECRETARIA DE ESTADO DA SAÚDE,11/12/2019,AQUISIÇÃO EMERGENCIAL DE MEDICAMENTOS (NIVOLUMABE DE 10MG/10ML E DE 10MG/4ML) ,56.998.982/0031-22 - BRISTOL-MYERS SQUIBB FARMACEUTICA LTDA,"225.566,64"
25.000.1110526.2019,SECRETARIA DE ESTADO DA SAÚDE,11/12/2019,CONT EMERG DE CLÍNICA P REAL DE 40 (QUARENTA) SESSÕES DE OXIG HIPERBÁRICA ,28.154.149/0001-44 - CLINICA MEDICA HIPERBARICA PARAIBA LTDA,"15.200,00"
25.000.2910512.2019,SECRETARIA DE ESTADO DA SAÚDE,11/12/2019,AQUISIÇÃO EMERGENCIAL DE MATERIAIS MÉDICOS ,06.948.769/0001-12 - TECNOCENTER MAT.MEDICOS HOSPITALARES LTDA,"10.419,00"
25.000.2910513.2019,SECRETARIA DE ESTADO DA SAÚDE,11/12/2019,AQUISIÇÃO EMERGENCIAL DE MEDICAMENTO (FAMPRIDINA 10MG) ,04.307.650/0012-98 - ONCO PROD DISTRIBUIDORA DE PRODUTOS HOSPITALARES E ONCOLOGICOS LTDA,"6.518,96"
25.000.3010599.2019,SECRETARIA DE ESTADO DA SAÚDE,11/12/2019,AQUIS EMERG DE MAT MÉD P CONTROLE GLICÊMICO COMPATÍVEL P LEIT EXC EM APAR N ESPEC E PORT,Razão Social não encontrada,"15.422,40"
25.000.3010594.2019,SECRETARIA DE ESTADO DA SAÚDE,12/12/2019,"AQUISIÇÃO EMERGENCIAL DE MEDICAMENTO (CABAZITAXEL 60MG/1,5ML)",64.171.697/0001-46 - ACCORD FARMACEUTICA LTDA,"52.000,00"
25.000.1810537.2019,SECRETARIA DE ESTADO DA SAÚDE,16/12/2019,AQUISIÇÃO EMERGENCIAL DE PROCESSADOR DE SOM NUCLEUS 7 MODELO CP1000 ,43.894.609/0001-64 - POLITEC IMPORTACAO E COMERCIO LIMITADA,"46.000,00"
25.000.2510695.2019,SECRETARIA DE ESTADO DA SAÚDE,16/12/2019,AQUISIÇÃO EMERGENCIAL DE 02 (DOIS) PROCESSADORES DE SOM ,43.894.609/0001-64 - POLITEC IMPORTACAO E COMERCIO LIMITADA,"92.000,00"
25.000.301019589.2019,SECRETARIA DE ESTADO DA SAÚDE,18/12/2019,AQUIS EMERG DE FÓRMULAS NUTRICIONAIS(ENSURE PÓ 400G E LEITE DE SOJA S LACTOSE 300G),16.925.732/0001-22 - COMERCIO VAREJISTA DE PRODUTOS NUTRICIONAIS E CUIDADOS MEDICOS HOSPITALARES LTDA,"7.800,00"
25.000.2111543.2019,SECRETARIA DE ESTADO DA SAÚDE,19/12/2019,AQUISIÇÃO EMERGENCIAL DE MEDICAMENTO (DENOSUMABE 120MG) ,09.053.134/0001-45 - ELFA MEDICAMENTOS S.A,"8.218,42"
30.000.409134.2019,ENCARGOS GERAIS DO ESTADO,19/12/2019,LOCAÇÃO DE IMÓVEL CASA CIVIL DO GOVERNADOR,070.960.814-45 - JESSYKA PESSOA QUEIROGA,"15.024,00"
25.000.3110594.2019,SECRETARIA DE ESTADO DA SAÚDE,20/12/2019,AQUISIÇÃO EMERGENCIAL DE MEDICAMENTO (ERITROPOIETINA HUMANA RECOMBINANTE 4.000UI) ,Razão Social não encontrada,"23.662,80"
09.103.000064.2019,CASA MILITAR,23/12/2019,AQUISIÇÃO DE COMBUSTÍVEL DE AVIAÇÃO - QUEROSENE,34.274.233/0001-02 - PETROBRAS DISTRIBUIDORA S/A,"830.400,00"
25.000.2210562.2019,SECRETARIA DE ESTADO DA SAÚDE,23/12/2019,AQUISIÇÃO EMERGENCIAL DE CADEIRA DE RODAS PERSONALIZADA (CARRINHO DOBRÁVEL PARA TRANSPORTE ),10.852.945/0001-95 - SCD IND.E COM.DE APAR.ORTOPEDICOS LTDA-EPP,"3.700,00"
22.000.277593.2019,SECRETARIA DE ESTADO DA EDUCAÇÃO,24/12/2019,CONTRATAÇÃO DE INSTITUIÇÃO ESPECIALIZADA EM AVALIAÇÃO  EDUCACIONAL,12.671.814/0001-37 - UNIVERSIDADE ESTADUAL DA PARAIBA,"7.182.899,50"
25.000.1010515.2019,SECRETARIA DE ESTADO DA SAÚDE,26/12/2019,"AQUIS EMERG DE MED(BENDAMUSTINA 25MG, BENDAMUSTINA 100MG E OBINUTUZUMABE 1000MG/40ML)",Razão Social não encontrada,"168.475,28"
27.000.007444.2019,SECRETARIA DE ESTADO DE DESENVOLVIMENTO HUMANO,27/12/2019,CONTRATAÇÃO DE PESSOA JURÍDICA,05.526.783/0001-65 - MINISTERIO DO DESENVOLVIMENTO SOCIAL E COMBATE A FOME,"7.612.519,72"
